Recency,Frequency,Monetary,R_Score,F_Score,M_Score,RFM_Segment,Segment
326,1,77183.6,1,1,5,115,At Risk / Lost Customers
2,7,4310.0,5,5,5,555,Champions
75,4,1797.24,2,4,4,244,Loyal Customers
19,1,1757.55,4,1,4,414,About to Sleep
310,1,334.40000000000003,1,1,2,112,At Risk / Lost Customers
36,8,2506.04,3,5,5,355,Loyal Customers
204,1,89.0,1,1,1,111,At Risk / Lost Customers
232,1,1079.4,1,1,4,114,At Risk / Lost Customers
214,1,459.40000000000003,1,1,2,112,At Risk / Lost Customers
23,3,2811.43,4,3,5,435,Loyal Customers
33,1,6207.67,4,1,5,415,About to Sleep
2,2,1168.06,5,2,4,524,About to Sleep
58,4,6372.58,3,4,5,345,Loyal Customers
52,3,2662.06,3,3,5,335,Loyal Customers
287,1,189.9,1,1,1,111,At Risk / Lost Customers
3,10,5226.2300000000005,5,5,5,555,Champions
110,2,552.0,2,2,3,223,At Risk / Lost Customers
8,4,1313.1,5,4,4,544,Champions
291,2,641.38,1,2,3,123,At Risk / Lost Customers
4,1,168.9,5,1,1,511,Recent / New Customers
51,4,3545.69,3,4,5,345,Loyal Customers
45,2,1887.96,3,2,4,324,About to Sleep
72,3,1298.04,3,3,4,334,Loyal Customers
311,1,364.6,1,1,2,112,At Risk / Lost Customers
25,1,742.9300000000001,4,1,3,413,About to Sleep
11,2,457.5,5,2,2,522,Recent / New Customers
315,2,1628.1200000000001,1,2,4,124,At Risk / Lost Customers
130,1,4008.62,2,1,5,215,At Risk / Lost Customers
82,2,852.24,2,2,3,223,At Risk / Lost Customers
22,4,2724.81,4,4,5,445,Champions
5,5,1845.31,5,4,4,544,Champions
185,5,1850.56,1,4,4,144,At Risk / Lost Customers
29,2,585.27,4,2,3,423,About to Sleep
338,2,401.9,1,2,2,122,At Risk / Lost Customers
16,6,2780.6600000000003,4,4,5,445,Champions
80,1,549.84,2,1,3,213,At Risk / Lost Customers
22,1,460.89,4,1,2,412,Recent / New Customers
72,4,1582.6000000000001,3,4,4,344,Loyal Customers
64,2,1272.48,3,2,4,324,About to Sleep
19,12,3018.63,4,5,5,455,Champions
36,2,2409.9,3,2,5,325,About to Sleep
46,1,1635.6599999999999,3,1,4,314,About to Sleep
119,4,1108.65,2,4,4,244,Loyal Customers
303,1,84.3,1,1,1,111,At Risk / Lost Customers
323,1,225.60000000000002,1,1,1,111,At Risk / Lost Customers
50,1,427.7,3,1,2,312,Recent / New Customers
149,1,1710.39,2,1,4,214,At Risk / Lost Customers
22,2,3415.3,4,2,5,425,About to Sleep
50,5,1708.12,3,4,4,344,Loyal Customers
33,5,2888.55,4,4,5,445,Champions
79,3,11072.67,2,3,5,235,Loyal Customers
309,2,693.33,1,2,3,123,At Risk / Lost Customers
75,3,1226.88,2,3,4,234,Loyal Customers
67,3,758.1,3,3,3,333,Loyal Customers
217,3,562.4100000000001,1,3,3,133,At Risk / Lost Customers
24,21,124914.53,4,5,5,455,Champions
3,9,3649.1,5,5,5,555,Champions
113,1,668.58,2,1,3,213,At Risk / Lost Customers
64,1,600.39,3,1,3,313,About to Sleep
16,4,807.04,4,4,3,443,Loyal Customers
96,3,803.5600000000001,2,3,3,233,Loyal Customers
1,8,1859.31,5,5,4,554,Champions
163,2,1760.96,2,2,4,224,At Risk / Lost Customers
78,1,777.2,2,1,3,213,At Risk / Lost Customers
195,1,582.73,1,1,3,113,At Risk / Lost Customers
22,3,825.8000000000001,4,3,3,433,Loyal Customers
26,9,7956.46,4,5,5,455,Champions
9,4,3750.4,5,4,5,545,Champions
43,1,256.4,3,1,2,312,Recent / New Customers
36,15,6487.45,3,5,5,355,Loyal Customers
43,5,5059.32,3,4,5,345,Loyal Customers
1,7,13375.87,5,5,5,555,Champions
85,2,806.14,2,2,3,223,At Risk / Lost Customers
80,2,7829.89,2,2,5,225,At Risk / Lost Customers
100,1,509.01,2,1,3,213,At Risk / Lost Customers
2,18,4951.41,5,5,5,555,Champions
14,2,2906.85,4,2,5,425,About to Sleep
367,1,173.55,1,1,1,111,At Risk / Lost Customers
3,1,172.06,5,1,1,511,Recent / New Customers
21,5,5005.46,4,4,5,445,Champions
22,1,133.4,4,1,1,411,Recent / New Customers
58,1,1002.3100000000001,3,1,4,314,About to Sleep
243,1,476.49,1,1,2,112,At Risk / Lost Customers
44,1,449.45,3,1,2,312,Recent / New Customers
22,4,4067.29,4,4,5,445,Champions
156,2,197.88,2,2,1,221,At Risk / Lost Customers
11,5,9035.52,5,4,5,545,Champions
17,2,430.57000000000005,4,2,2,422,Recent / New Customers
134,1,707.09,2,1,3,213,At Risk / Lost Customers
56,1,3528.34,3,1,5,315,About to Sleep
73,6,2466.86,2,4,5,245,Loyal Customers
44,3,3181.04,3,3,5,335,Loyal Customers
66,7,2363.23,3,5,5,355,Loyal Customers
71,2,947.4,3,2,4,324,About to Sleep
94,2,826.88,2,2,3,223,At Risk / Lost Customers
19,2,1189.59,4,2,4,424,About to Sleep
53,4,1344.78,3,4,4,344,Loyal Customers
10,8,1212.05,5,5,4,554,Champions
17,2,742.19,4,2,3,423,About to Sleep
188,2,729.54,1,2,3,123,At Risk / Lost Customers
2,30,19824.05,5,5,5,555,Champions
32,7,6572.11,4,5,5,455,Champions
29,5,3938.55,4,4,5,445,Champions
17,18,7375.79,4,5,5,455,Champions
54,1,723.38,3,1,3,313,About to Sleep
16,11,6816.42,4,5,5,455,Champions
23,6,13219.74,4,4,5,445,Champions
4,1,680.99,5,1,3,513,About to Sleep
11,1,527.2,5,1,3,513,About to Sleep
28,4,3281.63,4,4,5,445,Champions
23,10,5596.32,4,5,5,455,Champions
17,8,2484.98,4,5,5,455,Champions
33,6,4541.72,4,4,5,445,Champions
10,3,1298.66,5,3,4,534,Loyal Customers
336,1,334.93,1,1,2,112,At Risk / Lost Customers
5,10,5417.93,5,5,5,555,Champions
39,1,460.40000000000003,3,1,2,312,Recent / New Customers
63,2,263.21000000000004,3,2,2,322,Recent / New Customers
166,2,433.74,2,2,2,222,At Risk / Lost Customers
16,7,1246.1,4,5,4,454,Champions
82,1,1043.1,2,1,4,214,At Risk / Lost Customers
21,3,403.70000000000005,4,3,2,432,Loyal Customers
23,11,4257.82,4,5,5,455,Champions
337,1,2169.39,1,1,5,115,At Risk / Lost Customers
96,5,3723.87,2,4,5,245,Loyal Customers
18,2,482.04999999999995,4,2,2,422,Recent / New Customers
233,1,73.5,1,1,1,111,At Risk / Lost Customers
134,3,1304.81,2,3,4,234,Loyal Customers
26,2,398.27,4,2,2,422,Recent / New Customers
284,1,176.5,1,1,1,111,At Risk / Lost Customers
143,2,982.5699999999999,2,2,4,224,At Risk / Lost Customers
66,2,138.03,3,2,1,321,Recent / New Customers
113,1,612.29,2,1,3,213,At Risk / Lost Customers
267,1,1017.6800000000001,1,1,4,114,At Risk / Lost Customers
353,1,383.7,1,1,2,112,At Risk / Lost Customers
78,2,1312.06,2,2,4,224,At Risk / Lost Customers
28,5,2502.84,4,4,5,445,Champions
1,5,2056.89,5,4,4,544,Champions
64,1,340.84000000000003,3,1,2,312,Recent / New Customers
79,5,2634.26,2,4,5,245,Loyal Customers
143,1,599.68,2,1,3,213,At Risk / Lost Customers
39,2,192.72,3,2,1,321,Recent / New Customers
19,11,1789.77,4,5,4,454,Champions
9,8,4485.72,5,5,5,555,Champions
1,3,1316.66,5,3,4,534,Loyal Customers
82,3,348.71000000000004,2,3,2,232,Loyal Customers
9,6,1933.48,5,5,4,554,Champions
60,4,1662.28,3,4,4,344,Loyal Customers
15,1,125.22,4,1,1,411,Recent / New Customers
30,1,349.83000000000004,4,1,2,412,Recent / New Customers
131,1,1089.18,2,1,4,214,At Risk / Lost Customers
92,2,716.35,2,2,3,223,At Risk / Lost Customers
43,3,12601.830000000002,3,3,5,335,Loyal Customers
29,1,363.95,4,1,2,412,Recent / New Customers
22,4,5568.35,4,4,5,445,Champions
20,17,13400.24,4,5,5,455,Champions
30,3,981.18,4,3,4,434,Loyal Customers
36,1,372.7,3,1,2,312,Recent / New Customers
75,2,1000.39,2,2,4,224,At Risk / Lost Customers
47,2,1161.5,3,2,4,324,About to Sleep
198,2,207.8,1,2,1,121,At Risk / Lost Customers
166,1,95.19999999999999,2,1,1,211,At Risk / Lost Customers
79,1,964.83,2,1,4,214,At Risk / Lost Customers
358,1,168.0,1,1,1,111,At Risk / Lost Customers
39,2,437.82,3,2,2,322,Recent / New Customers
8,10,3692.28,5,5,5,555,Champions
50,2,603.71,3,2,3,323,About to Sleep
16,5,11990.960000000001,4,4,5,445,Champions
8,1,269.96,5,1,2,512,Recent / New Customers
311,2,561.71,1,2,3,123,At Risk / Lost Customers
5,3,2134.01,5,3,5,535,Loyal Customers
303,1,238.85,1,1,1,111,At Risk / Lost Customers
8,7,3781.7400000000002,5,5,5,555,Champions
261,1,456.90000000000003,1,1,2,112,At Risk / Lost Customers
289,1,145.92000000000002,1,1,1,111,At Risk / Lost Customers
86,1,351.65,2,1,2,212,At Risk / Lost Customers
23,10,9401.28,4,5,5,455,Champions
2,32,4124.6900000000005,5,5,5,555,Champions
40,2,519.61,3,2,3,323,About to Sleep
9,2,1020.4200000000001,5,2,4,524,About to Sleep
227,1,160.54000000000002,1,1,1,111,At Risk / Lost Customers
316,1,218.45000000000002,1,1,1,111,At Risk / Lost Customers
36,5,1315.83,3,4,4,344,Loyal Customers
35,3,657.8,3,3,3,333,Loyal Customers
21,2,2794.51,4,2,5,425,About to Sleep
78,1,440.42,2,1,2,212,At Risk / Lost Customers
247,1,415.7,1,1,2,112,At Risk / Lost Customers
40,1,197.71,3,1,1,311,Recent / New Customers
239,2,511.36,1,2,3,123,At Risk / Lost Customers
3,15,7281.38,5,5,5,555,Champions
4,9,2338.15,5,5,5,555,Champions
234,2,2040.1,1,2,4,124,At Risk / Lost Customers
17,1,196.94000000000003,4,1,1,411,Recent / New Customers
8,1,144.0,5,1,1,511,Recent / New Customers
39,1,214.89999999999998,3,1,1,311,Recent / New Customers
29,2,646.68,4,2,3,423,About to Sleep
211,2,9864.26,1,2,5,125,At Risk / Lost Customers
317,1,452.84999999999997,1,1,2,112,At Risk / Lost Customers
92,2,437.6,2,2,2,222,At Risk / Lost Customers
109,3,418.1,2,3,2,232,Loyal Customers
38,10,3338.2200000000003,3,5,5,355,Loyal Customers
51,2,618.27,3,2,3,323,About to Sleep
19,4,3811.22,4,4,5,445,Champions
10,8,3023.08,5,5,5,555,Champions
29,7,1032.58,4,5,4,454,Champions
29,10,2599.04,4,5,5,455,Champions
190,5,577.0600000000001,1,4,3,143,At Risk / Lost Customers
59,1,153.12,3,1,1,311,Recent / New Customers
22,1,739.1999999999999,4,1,3,413,About to Sleep
79,2,254.18,2,2,2,222,At Risk / Lost Customers
60,1,1579.51,3,1,4,314,About to Sleep
78,3,1126.85,2,3,4,234,Loyal Customers
23,5,2099.54,4,4,5,445,Champions
52,1,1193.32,3,1,4,314,About to Sleep
74,1,704.04,2,1,3,213,At Risk / Lost Customers
57,5,3344.38,3,4,5,345,Loyal Customers
278,1,315.6,1,1,2,112,At Risk / Lost Customers
2,4,2291.19,5,4,5,545,Champions
95,2,713.3,2,2,3,223,At Risk / Lost Customers
29,1,355.53000000000003,4,1,2,412,Recent / New Customers
22,1,177.31,4,1,1,411,Recent / New Customers
16,9,3641.24,4,5,5,455,Champions
15,3,1339.41,4,3,4,434,Loyal Customers
2,20,13689.67,5,5,5,555,Champions
232,1,180.1,1,1,1,111,At Risk / Lost Customers
276,1,305.1,1,1,2,112,At Risk / Lost Customers
106,2,641.13,2,2,3,223,At Risk / Lost Customers
212,2,2683.82,1,2,5,125,At Risk / Lost Customers
23,9,6620.4800000000005,4,5,5,455,Champions
11,7,4478.53,5,5,5,555,Champions
4,3,786.46,5,3,3,533,Loyal Customers
10,2,1270.88,5,2,4,524,About to Sleep
57,1,640.5,3,1,3,313,About to Sleep
59,4,2163.98,3,4,5,345,Loyal Customers
90,2,1689.18,2,2,4,224,At Risk / Lost Customers
67,8,6021.9,3,5,5,355,Loyal Customers
33,1,671.69,4,1,3,413,About to Sleep
239,1,486.1,1,1,2,112,At Risk / Lost Customers
24,3,1174.58,4,3,4,434,Loyal Customers
115,1,185.9,2,1,1,211,At Risk / Lost Customers
25,3,1013.26,4,3,4,434,Loyal Customers
128,6,3344.64,2,5,5,255,Loyal Customers
130,1,477.90999999999997,2,1,2,212,At Risk / Lost Customers
34,4,1775.18,3,4,4,344,Loyal Customers
5,2,1346.97,5,2,4,524,About to Sleep
22,12,3722.82,4,5,5,455,Champions
155,1,318.05,2,1,2,212,At Risk / Lost Customers
107,3,623.51,2,3,3,233,Loyal Customers
3,1,314.44,5,1,2,512,Recent / New Customers
335,1,114.0,1,1,1,111,At Risk / Lost Customers
331,1,919.98,1,1,3,113,At Risk / Lost Customers
149,2,2209.85,2,2,5,225,At Risk / Lost Customers
11,5,601.98,5,4,3,543,Loyal Customers
17,5,4051.17,4,4,5,445,Champions
11,4,1643.18,5,4,4,544,Champions
19,1,686.05,4,1,3,413,About to Sleep
30,1,91.68,4,1,1,411,Recent / New Customers
11,1,245.10000000000002,5,1,1,511,Recent / New Customers
1,11,3849.78,5,5,5,555,Champions
8,9,4881.88,5,5,5,555,Champions
325,1,63.0,1,1,1,111,At Risk / Lost Customers
58,1,620.13,3,1,3,313,About to Sleep
12,4,3807.15,5,4,5,545,Champions
151,3,2744.0299999999997,2,3,5,235,Loyal Customers
10,5,2996.05,5,4,5,545,Champions
330,1,225.9,1,1,1,111,At Risk / Lost Customers
5,2,610.52,5,2,3,523,About to Sleep
39,4,1970.6,3,4,4,344,Loyal Customers
25,6,1331.39,4,5,4,454,Champions
42,12,17628.46,3,5,5,355,Loyal Customers
59,4,1113.02,3,4,4,344,Loyal Customers
1,4,862.81,5,4,3,543,Loyal Customers
15,22,13787.54,4,5,5,455,Champions
4,31,12288.22,5,5,5,555,Champions
4,15,8476.57,5,5,5,555,Champions
8,7,2283.63,5,5,5,555,Champions
28,6,2863.08,4,5,5,455,Champions
372,1,89.14,1,1,1,111,At Risk / Lost Customers
114,1,4873.81,2,1,5,215,At Risk / Lost Customers
26,2,1247.6100000000001,4,2,4,424,About to Sleep
206,1,389.01,1,1,2,112,At Risk / Lost Customers
28,6,1035.8,4,5,4,454,Champions
127,4,855.91,2,4,3,243,Loyal Customers
70,2,869.67,3,2,3,323,About to Sleep
7,4,582.1,5,4,3,543,Loyal Customers
29,3,957.59,4,3,4,434,Loyal Customers
8,4,4939.99,5,4,5,545,Champions
80,2,797.71,2,2,3,223,At Risk / Lost Customers
20,1,219.0,4,1,1,411,Recent / New Customers
71,1,283.55,3,1,2,312,Recent / New Customers
7,8,2340.84,5,5,5,555,Champions
15,9,6868.29,4,5,5,455,Champions
292,1,603.42,1,1,3,113,At Risk / Lost Customers
30,10,2712.91,4,5,5,455,Champions
15,15,9736.52,4,5,5,455,Champions
97,3,1149.02,2,3,4,234,Loyal Customers
29,13,4396.13,4,5,5,455,Champions
1,1,848.55,5,1,3,513,About to Sleep
9,5,4708.86,5,4,5,545,Champions
106,1,353.86,2,1,2,212,At Risk / Lost Customers
4,2,1053.49,5,2,4,524,About to Sleep
151,2,1030.98,2,2,4,224,At Risk / Lost Customers
71,1,238.25,3,1,1,311,Recent / New Customers
5,2,644.95,5,2,3,523,About to Sleep
3,25,5781.7300000000005,5,5,5,555,Champions
32,6,2656.13,4,5,5,455,Champions
85,4,997.63,2,4,4,244,Loyal Customers
4,5,725.07,5,4,3,543,Loyal Customers
5,4,1031.41,5,4,4,544,Champions
371,1,427.8,1,1,2,112,At Risk / Lost Customers
28,7,2609.1,4,5,5,455,Champions
11,7,3980.7000000000003,5,5,5,555,Champions
71,4,836.33,3,4,3,343,Loyal Customers
114,1,453.01,2,1,2,212,At Risk / Lost Customers
24,12,18895.91,4,5,5,455,Champions
180,1,236.26000000000002,1,1,1,111,At Risk / Lost Customers
234,1,383.95,1,1,2,112,At Risk / Lost Customers
353,1,110.39999999999999,1,1,1,111,At Risk / Lost Customers
315,2,779.5699999999999,1,2,3,123,At Risk / Lost Customers
333,1,234.0,1,1,1,111,At Risk / Lost Customers
372,1,155.35,1,1,1,111,At Risk / Lost Customers
78,2,1013.04,2,2,4,224,At Risk / Lost Customers
64,1,427.6,3,1,2,312,Recent / New Customers
134,2,546.43,2,2,3,223,At Risk / Lost Customers
52,7,21279.29,3,5,5,355,Loyal Customers
2,11,4196.01,5,5,5,555,Champions
1,209,33719.73,5,5,5,555,Champions
4,5,4090.88,5,4,5,545,Champions
129,1,275.88,2,1,2,212,At Risk / Lost Customers
81,1,4366.78,2,1,5,215,At Risk / Lost Customers
23,6,21429.39,4,5,5,455,Champions
236,3,3010.74,1,3,5,135,At Risk / Lost Customers
281,2,3811.9500000000003,1,2,5,125,At Risk / Lost Customers
87,1,112.08,2,1,1,211,At Risk / Lost Customers
16,13,7857.1,4,5,5,455,Champions
117,2,2791.59,2,2,5,225,At Risk / Lost Customers
52,3,1531.44,3,3,4,334,Loyal Customers
8,2,1898.52,5,2,4,524,About to Sleep
138,2,494.08,2,2,3,223,At Risk / Lost Customers
317,1,1693.88,1,1,4,114,At Risk / Lost Customers
4,7,6989.63,5,5,5,555,Champions
239,1,1143.6,1,1,4,114,At Risk / Lost Customers
211,1,1351.45,1,1,4,114,At Risk / Lost Customers
60,1,892.47,3,1,3,313,About to Sleep
17,5,1386.04,4,4,4,444,Champions
20,6,822.23,4,5,3,453,Loyal Customers
38,8,3981.36,3,5,5,355,Loyal Customers
64,2,826.74,3,2,3,323,About to Sleep
5,5,2330.92,5,4,5,545,Champions
2,6,2225.91,5,5,5,555,Champions
9,2,574.42,5,2,3,523,About to Sleep
364,1,311.95,1,1,2,112,At Risk / Lost Customers
10,3,463.66,5,3,2,532,Loyal Customers
65,1,91.85,3,1,1,311,Recent / New Customers
192,1,324.92,1,1,2,112,At Risk / Lost Customers
374,1,192.60000000000002,1,1,1,111,At Risk / Lost Customers
257,1,400.54,1,1,2,112,At Risk / Lost Customers
335,2,545.48,1,2,3,123,At Risk / Lost Customers
53,2,860.41,3,2,3,323,About to Sleep
19,1,430.48,4,1,2,412,Recent / New Customers
366,1,254.03,1,1,2,112,At Risk / Lost Customers
10,3,6977.04,5,3,5,535,Loyal Customers
187,1,427.58,1,1,2,112,At Risk / Lost Customers
37,3,483.65000000000003,3,3,2,332,Loyal Customers
178,1,489.31,2,1,2,212,At Risk / Lost Customers
261,3,514.85,1,3,3,133,At Risk / Lost Customers
45,1,229.64000000000001,3,1,1,311,Recent / New Customers
102,1,125.92,2,1,1,211,At Risk / Lost Customers
148,2,1063.46,2,2,4,224,At Risk / Lost Customers
96,2,572.2,2,2,3,223,At Risk / Lost Customers
281,1,166.04000000000002,1,1,1,111,At Risk / Lost Customers
262,1,1542.08,1,1,4,114,At Risk / Lost Customers
3,4,942.34,5,4,4,544,Champions
214,1,92.72,1,1,1,111,At Risk / Lost Customers
71,2,948.88,3,2,4,324,About to Sleep
75,5,1759.5,2,4,4,244,Loyal Customers
60,1,397.12,3,1,2,312,Recent / New Customers
3,7,1474.72,5,5,4,554,Champions
6,3,430.15,5,3,2,532,Loyal Customers
3,6,1018.71,5,5,4,554,Champions
337,2,293.0,1,2,2,122,At Risk / Lost Customers
38,6,6814.64,3,5,5,355,Loyal Customers
262,1,215.05,1,1,1,111,At Risk / Lost Customers
32,2,383.03000000000003,4,2,2,422,Recent / New Customers
145,1,417.38,2,1,2,212,At Risk / Lost Customers
283,1,312.38,1,1,2,112,At Risk / Lost Customers
59,4,2612.86,3,4,5,345,Loyal Customers
173,1,134.1,2,1,1,211,At Risk / Lost Customers
34,2,683.13,3,2,3,323,About to Sleep
3,14,5591.42,5,5,5,555,Champions
144,4,2726.77,2,4,5,245,Loyal Customers
5,25,4022.35,5,5,5,555,Champions
70,2,1118.99,3,2,4,324,About to Sleep
66,8,1702.26,3,5,4,354,Loyal Customers
29,2,325.96000000000004,4,2,2,422,Recent / New Customers
267,4,354.09000000000003,1,4,2,142,At Risk / Lost Customers
22,1,871.54,4,1,3,413,About to Sleep
31,2,1050.89,4,2,4,424,About to Sleep
97,1,135.18,2,1,1,211,At Risk / Lost Customers
295,1,311.55,1,1,2,112,At Risk / Lost Customers
135,6,1957.1000000000001,2,5,4,254,Loyal Customers
79,3,1324.5,2,3,4,234,Loyal Customers
373,1,38.1,1,1,1,111,At Risk / Lost Customers
8,6,2179.93,5,5,5,555,Champions
211,2,1106.4,1,2,4,124,At Risk / Lost Customers
52,1,521.2,3,1,3,313,About to Sleep
138,1,147.12,2,1,1,211,At Risk / Lost Customers
26,2,1568.23,4,2,4,424,About to Sleep
283,1,559.12,1,1,3,113,At Risk / Lost Customers
26,7,4036.82,4,5,5,455,Champions
186,6,1607.0600000000002,1,5,4,154,At Risk / Lost Customers
84,2,380.64,2,2,2,222,At Risk / Lost Customers
327,2,599.97,1,2,3,123,At Risk / Lost Customers
282,1,374.0,1,1,2,112,At Risk / Lost Customers
143,2,343.2300000000001,2,2,2,222,At Risk / Lost Customers
58,2,2218.02,3,2,5,325,About to Sleep
4,12,1535.77,5,5,4,554,Champions
236,2,854.99,1,2,3,123,At Risk / Lost Customers
45,3,573.22,3,3,3,333,Loyal Customers
276,1,298.0,1,1,2,112,At Risk / Lost Customers
9,2,1463.04,5,2,4,524,About to Sleep
25,4,703.47,4,4,3,443,Loyal Customers
88,1,309.05,2,1,2,212,At Risk / Lost Customers
63,3,1175.22,3,3,4,334,Loyal Customers
68,2,1378.4,3,2,4,324,About to Sleep
214,2,354.12,1,2,2,122,At Risk / Lost Customers
24,1,380.46999999999997,4,1,2,412,Recent / New Customers
186,3,331.0,1,3,2,132,At Risk / Lost Customers
31,1,188.14,4,1,1,411,Recent / New Customers
42,2,372.8,3,2,2,322,Recent / New Customers
205,2,216.5,1,2,1,121,At Risk / Lost Customers
9,28,17654.54,5,5,5,555,Champions
265,1,138.68,1,1,1,111,At Risk / Lost Customers
18,2,509.58,4,2,3,423,About to Sleep
12,5,2919.81,5,4,5,545,Champions
176,2,750.0,2,2,3,223,At Risk / Lost Customers
40,5,2178.67,3,4,5,345,Loyal Customers
23,8,3075.04,4,5,5,455,Champions
3,5,1662.3,5,4,4,544,Champions
5,5,2483.63,5,4,5,545,Champions
149,2,363.65,2,2,2,222,At Risk / Lost Customers
139,4,3006.15,2,4,5,245,Loyal Customers
128,1,594.0,2,1,3,213,At Risk / Lost Customers
8,6,1335.19,5,5,4,554,Champions
17,1,164.23,4,1,1,411,Recent / New Customers
9,37,16587.09,5,5,5,555,Champions
161,1,405.38,2,1,2,212,At Risk / Lost Customers
64,1,176.97,3,1,1,311,Recent / New Customers
88,4,933.7,2,4,3,243,Loyal Customers
5,2,694.05,5,2,3,523,About to Sleep
35,5,2062.7,3,4,5,345,Loyal Customers
312,1,117.85,1,1,1,111,At Risk / Lost Customers
78,2,415.8,2,2,2,222,At Risk / Lost Customers
22,15,42055.96,4,5,5,455,Champions
24,3,607.53,4,3,3,433,Loyal Customers
2,7,2160.7,5,5,5,555,Champions
17,4,1063.9,4,4,4,444,Champions
15,4,1504.27,4,4,4,444,Champions
26,1,114.14,4,1,1,411,Recent / New Customers
64,8,11581.8,3,5,5,355,Loyal Customers
55,2,913.54,3,2,3,323,About to Sleep
131,3,683.9,2,3,3,233,Loyal Customers
36,2,604.51,3,2,3,323,About to Sleep
288,1,462.95,1,1,2,112,At Risk / Lost Customers
144,6,1603.99,2,5,4,254,Loyal Customers
16,7,2064.95,4,5,5,455,Champions
31,8,4167.22,4,5,5,455,Champions
2,3,1843.0,5,3,4,534,Loyal Customers
9,6,1064.07,5,5,4,554,Champions
6,4,1387.79,5,4,4,544,Champions
10,1,329.85,5,1,2,512,Recent / New Customers
1,11,4757.16,5,5,5,555,Champions
306,1,108.07,1,1,1,111,At Risk / Lost Customers
10,8,4017.54,5,5,5,555,Champions
7,2,266.39,5,2,2,522,Recent / New Customers
8,8,1856.63,5,5,4,554,Champions
89,1,771.91,2,1,3,213,At Risk / Lost Customers
10,1,160.18,5,1,1,511,Recent / New Customers
358,2,1660.9,1,2,4,124,At Risk / Lost Customers
112,1,135.95,2,1,1,211,At Risk / Lost Customers
7,4,452.24,5,4,2,542,Loyal Customers
4,86,11189.91,5,5,5,555,Champions
198,1,144.8,1,1,1,111,At Risk / Lost Customers
212,1,738.6,1,1,3,113,At Risk / Lost Customers
156,1,39.239999999999995,2,1,1,211,At Risk / Lost Customers
158,9,7374.900000000001,2,5,5,255,Loyal Customers
30,2,372.21999999999997,4,2,2,422,Recent / New Customers
243,1,390.54,1,1,2,112,At Risk / Lost Customers
19,1,97.5,4,1,1,411,Recent / New Customers
1,2,1239.38,5,2,4,524,About to Sleep
74,2,558.7,2,2,3,223,At Risk / Lost Customers
292,1,535.32,1,1,3,113,At Risk / Lost Customers
3,15,6924.11,5,5,5,555,Champions
31,3,409.5,4,3,2,432,Loyal Customers
23,2,503.76,4,2,3,423,About to Sleep
23,4,414.76,4,4,2,442,Loyal Customers
4,3,974.42,5,3,4,534,Loyal Customers
85,1,211.32,2,1,1,211,At Risk / Lost Customers
22,4,1226.89,4,4,4,444,Champions
196,3,455.88,1,3,2,132,At Risk / Lost Customers
107,3,534.85,2,3,3,233,Loyal Customers
4,13,9818.82,5,5,5,555,Champions
318,1,120.95,1,1,1,111,At Risk / Lost Customers
106,3,149.05,2,3,1,231,At Risk / Lost Customers
12,18,5655.91,5,5,5,555,Champions
174,2,513.7,2,2,3,223,At Risk / Lost Customers
56,1,81.57,3,1,1,311,Recent / New Customers
323,1,229.47,1,1,1,111,At Risk / Lost Customers
372,1,50.550000000000004,1,1,1,111,At Risk / Lost Customers
9,8,1661.8400000000001,5,5,4,554,Champions
1,13,4810.9400000000005,5,5,5,555,Champions
11,10,3466.28,5,5,5,555,Champions
53,5,3346.28,3,4,5,345,Loyal Customers
73,3,789.89,2,3,3,233,Loyal Customers
7,1,204.0,5,1,1,511,Recent / New Customers
16,28,7277.7,4,5,5,455,Champions
4,9,2616.38,5,5,5,555,Champions
64,2,689.9,3,2,3,323,About to Sleep
1,5,975.36,5,4,4,544,Champions
114,6,6912.0,2,5,5,255,Loyal Customers
23,2,661.3199999999999,4,2,3,423,About to Sleep
31,3,1247.5,4,3,4,434,Loyal Customers
11,2,799.48,5,2,3,523,About to Sleep
52,2,1010.1800000000001,3,2,4,324,About to Sleep
357,1,190.55,1,1,1,111,At Risk / Lost Customers
55,2,642.77,3,2,3,323,About to Sleep
74,2,921.88,2,2,3,223,At Risk / Lost Customers
138,3,881.07,2,3,3,233,Loyal Customers
80,3,908.46,2,3,3,233,Loyal Customers
9,2,676.99,5,2,3,523,About to Sleep
273,1,516.42,1,1,3,113,At Risk / Lost Customers
291,1,560.47,1,1,3,113,At Risk / Lost Customers
99,1,305.28000000000003,2,1,2,212,At Risk / Lost Customers
31,2,629.31,4,2,3,423,About to Sleep
32,10,3237.54,4,5,5,455,Champions
14,4,1835.91,4,4,4,444,Champions
64,2,656.6800000000001,3,2,3,323,About to Sleep
15,17,5836.86,4,5,5,455,Champions
212,1,348.15000000000003,1,1,2,112,At Risk / Lost Customers
78,3,1214.41,2,3,4,234,Loyal Customers
25,3,271.40000000000003,4,3,2,432,Loyal Customers
250,1,183.4,1,1,1,111,At Risk / Lost Customers
254,1,307.53000000000003,1,1,2,112,At Risk / Lost Customers
72,1,248.61,3,1,1,311,Recent / New Customers
191,1,346.98,1,1,2,112,At Risk / Lost Customers
13,4,1119.49,5,4,4,544,Champions
373,1,205.86,1,1,1,111,At Risk / Lost Customers
24,2,470.8,4,2,2,422,Recent / New Customers
82,1,115.46000000000001,2,1,1,211,At Risk / Lost Customers
10,2,344.0,5,2,2,522,Recent / New Customers
1,24,4436.12,5,5,5,555,Champions
192,1,228.8,1,1,1,111,At Risk / Lost Customers
267,1,177.15,1,1,1,111,At Risk / Lost Customers
130,1,919.61,2,1,3,213,At Risk / Lost Customers
1,4,729.27,5,4,3,543,Loyal Customers
3,26,12627.94,5,5,5,555,Champions
4,5,220.10000000000002,5,4,1,541,About to Sleep
179,1,58.08,2,1,1,211,At Risk / Lost Customers
12,11,28337.38,5,5,5,555,Champions
126,9,3613.63,2,5,5,255,Loyal Customers
4,2,303.75,5,2,2,522,Recent / New Customers
158,2,416.08,2,2,2,222,At Risk / Lost Customers
3,97,58825.83,5,5,5,555,Champions
9,14,8910.82,5,5,5,555,Champions
28,1,345.82,4,1,2,412,Recent / New Customers
71,5,477.83,3,4,2,342,Loyal Customers
276,8,7832.47,1,5,5,155,At Risk / Lost Customers
21,12,1927.3200000000002,4,5,4,454,Champions
71,1,74.39999999999999,3,1,1,311,Recent / New Customers
33,10,6010.42,4,5,5,455,Champions
1,28,28882.44,5,5,5,555,Champions
99,1,207.36,2,1,1,211,At Risk / Lost Customers
234,1,101.19,1,1,1,111,At Risk / Lost Customers
1,24,6424.09,5,5,5,555,Champions
40,1,243.94,3,1,1,311,Recent / New Customers
3,6,1098.48,5,5,4,554,Champions
133,1,76.5,2,1,1,211,At Risk / Lost Customers
44,4,1531.6200000000001,3,4,4,344,Loyal Customers
373,1,350.06,1,1,2,112,At Risk / Lost Customers
60,2,786.54,3,2,3,323,About to Sleep
31,7,1488.67,4,5,4,454,Champions
1,24,12245.960000000001,5,5,5,555,Champions
12,4,2294.78,5,4,5,545,Champions
138,1,501.14,2,1,3,213,At Risk / Lost Customers
22,8,984.91,4,5,4,454,Champions
20,5,1197.81,4,4,4,444,Champions
239,1,30.6,1,1,1,111,At Risk / Lost Customers
269,1,283.73,1,1,2,112,At Risk / Lost Customers
94,2,922.39,2,2,3,223,At Risk / Lost Customers
90,3,3866.33,2,3,5,235,Loyal Customers
5,8,2099.64,5,5,5,555,Champions
78,1,259.17,2,1,2,212,At Risk / Lost Customers
94,1,64.0,2,1,1,211,At Risk / Lost Customers
23,3,1073.3,4,3,4,434,Loyal Customers
262,1,77.3,1,1,1,111,At Risk / Lost Customers
274,2,109.8,1,2,1,121,At Risk / Lost Customers
86,4,1793.58,2,4,4,244,Loyal Customers
197,1,3096.0,1,1,5,115,At Risk / Lost Customers
56,5,2607.61,3,4,5,345,Loyal Customers
11,8,3650.41,5,5,5,555,Champions
22,6,962.39,4,5,4,454,Champions
16,7,5064.9400000000005,4,5,5,455,Champions
108,3,423.72,2,3,2,232,Loyal Customers
85,5,2388.75,2,4,5,245,Loyal Customers
19,1,307.09000000000003,4,1,2,412,Recent / New Customers
333,1,110.95,1,1,1,111,At Risk / Lost Customers
40,4,618.52,3,4,3,343,Loyal Customers
26,1,228.91,4,1,1,411,Recent / New Customers
10,4,712.8,5,4,3,543,Loyal Customers
29,12,3707.12,4,5,5,455,Champions
14,4,1676.06,4,4,4,444,Champions
296,1,1257.8700000000001,1,1,4,114,At Risk / Lost Customers
6,1,486.22,5,1,2,512,Recent / New Customers
33,4,971.76,4,4,4,444,Champions
49,4,1741.22,3,4,4,344,Loyal Customers
95,4,1201.06,2,4,4,244,Loyal Customers
9,4,1437.85,5,4,4,544,Champions
22,1,91.8,4,1,1,411,Recent / New Customers
313,1,112.75,1,1,1,111,At Risk / Lost Customers
122,4,1688.29,2,4,4,244,Loyal Customers
46,2,1021.48,3,2,4,324,About to Sleep
283,1,417.2,1,1,2,112,At Risk / Lost Customers
19,4,791.33,4,4,3,443,Loyal Customers
36,4,1319.19,3,4,4,344,Loyal Customers
64,2,712.88,3,2,3,323,About to Sleep
27,1,116.00999999999999,4,1,1,411,Recent / New Customers
22,3,468.41,4,3,2,432,Loyal Customers
4,2,353.65000000000003,5,2,2,522,Recent / New Customers
16,3,2817.03,4,3,5,435,Loyal Customers
46,1,492.84,3,1,3,313,About to Sleep
65,1,282.45,3,1,2,312,Recent / New Customers
26,11,5725.47,4,5,5,455,Champions
45,1,121.18,3,1,1,311,Recent / New Customers
8,9,3957.78,5,5,5,555,Champions
15,10,1701.29,4,5,4,454,Champions
268,1,71.4,1,1,1,111,At Risk / Lost Customers
40,3,1575.89,3,3,4,334,Loyal Customers
337,1,236.02,1,1,1,111,At Risk / Lost Customers
11,1,114.6,5,1,1,511,Recent / New Customers
19,2,260.68,4,2,2,422,Recent / New Customers
95,2,911.94,2,2,3,223,At Risk / Lost Customers
61,1,117.88,3,1,1,311,Recent / New Customers
136,1,60.7,2,1,1,211,At Risk / Lost Customers
11,4,1797.78,5,4,4,544,Champions
10,6,3401.2400000000002,5,5,5,555,Champions
4,38,9817.12,5,5,5,555,Champions
19,4,870.09,4,4,3,443,Loyal Customers
10,4,869.46,5,4,3,543,Loyal Customers
15,2,250.26000000000002,4,2,2,422,Recent / New Customers
59,6,1223.9,3,5,4,354,Loyal Customers
30,8,5891.61,4,5,5,455,Champions
94,1,353.48,2,1,2,212,At Risk / Lost Customers
10,3,1197.42,5,3,4,534,Loyal Customers
20,3,788.08,4,3,3,433,Loyal Customers
57,5,1520.58,3,4,4,344,Loyal Customers
268,1,333.74,1,1,2,112,At Risk / Lost Customers
122,3,533.98,2,3,3,233,Loyal Customers
127,1,62.64,2,1,1,211,At Risk / Lost Customers
78,4,819.2900000000001,2,4,3,243,Loyal Customers
240,2,847.41,1,2,3,123,At Risk / Lost Customers
200,2,163.2,1,2,1,121,At Risk / Lost Customers
60,2,2155.95,3,2,5,325,About to Sleep
3,7,6463.84,5,5,5,555,Champions
273,1,108.21000000000001,1,1,1,111,At Risk / Lost Customers
202,1,257.7,1,1,2,112,At Risk / Lost Customers
81,1,358.0,2,1,2,212,At Risk / Lost Customers
226,1,160.95,1,1,1,111,At Risk / Lost Customers
4,14,2806.97,5,5,5,555,Champions
13,7,1357.6,5,5,4,554,Champions
74,2,605.12,2,2,3,223,At Risk / Lost Customers
212,1,1031.07,1,1,4,114,At Risk / Lost Customers
25,2,744.85,4,2,3,423,About to Sleep
17,4,700.73,4,4,3,443,Loyal Customers
262,1,329.56,1,1,2,112,At Risk / Lost Customers
96,4,663.65,2,4,3,243,Loyal Customers
112,3,270.40000000000003,2,3,2,232,Loyal Customers
203,1,600.07,1,1,3,113,At Risk / Lost Customers
93,1,121.74000000000001,2,1,1,211,At Risk / Lost Customers
51,1,430.5,3,1,2,312,Recent / New Customers
18,6,1987.3,4,5,4,454,Champions
18,4,501.12,4,4,3,443,Loyal Customers
125,2,465.68,2,2,2,222,At Risk / Lost Customers
92,3,711.41,2,3,3,233,Loyal Customers
157,2,1030.4,2,2,4,224,At Risk / Lost Customers
9,2,399.51,5,2,2,522,Recent / New Customers
12,3,698.5799999999999,5,3,3,533,Loyal Customers
62,1,292.32,3,1,2,312,Recent / New Customers
61,1,557.62,3,1,3,313,About to Sleep
269,2,944.1,1,2,4,124,At Risk / Lost Customers
263,1,200.29,1,1,1,111,At Risk / Lost Customers
1,35,7454.07,5,5,5,555,Champions
53,5,2107.66,3,4,5,345,Loyal Customers
11,12,3834.2599999999998,5,5,5,555,Champions
3,19,4521.49,5,5,5,555,Champions
18,11,3214.69,4,5,5,455,Champions
1,15,5346.2300000000005,5,5,5,555,Champions
366,1,590.0,1,1,3,113,At Risk / Lost Customers
37,1,217.38,3,1,1,311,Recent / New Customers
31,2,276.56,4,2,2,422,Recent / New Customers
113,1,138.98,2,1,1,211,At Risk / Lost Customers
64,2,590.9300000000001,3,2,3,323,About to Sleep
16,4,258.4,4,4,2,442,Loyal Customers
41,1,542.73,3,1,3,313,About to Sleep
78,1,137.75,2,1,1,211,At Risk / Lost Customers
122,3,814.86,2,3,3,233,Loyal Customers
18,3,1132.14,4,3,4,434,Loyal Customers
60,2,93.66,3,2,1,321,Recent / New Customers
331,1,201.19,1,1,1,111,At Risk / Lost Customers
23,4,2709.12,4,4,5,445,Champions
156,1,361.11,2,1,2,212,At Risk / Lost Customers
39,2,578.94,3,2,3,323,About to Sleep
190,2,873.74,1,2,3,123,At Risk / Lost Customers
360,1,201.20000000000002,1,1,1,111,At Risk / Lost Customers
137,1,87.4,2,1,1,211,At Risk / Lost Customers
8,4,2089.85,5,4,5,545,Champions
1,1,360.0,5,1,2,512,Recent / New Customers
268,1,142.5,1,1,1,111,At Risk / Lost Customers
169,1,371.89,2,1,2,212,At Risk / Lost Customers
104,4,618.09,2,4,3,243,Loyal Customers
155,1,63.75,2,1,1,211,At Risk / Lost Customers
351,1,300.42,1,1,2,112,At Risk / Lost Customers
4,10,2000.86,5,5,4,554,Champions
120,1,15.0,2,1,1,211,At Risk / Lost Customers
23,3,1385.51,4,3,4,434,Loyal Customers
7,5,1456.79,5,4,4,544,Champions
28,3,1132.03,4,3,4,434,Loyal Customers
4,2,598.57,5,2,3,523,About to Sleep
22,5,1555.3200000000002,4,4,4,444,Champions
2,3,775.94,5,3,3,533,Loyal Customers
37,4,5977.73,3,4,5,345,Loyal Customers
66,6,2273.68,3,5,5,355,Loyal Customers
1,3,640.76,5,3,3,533,Loyal Customers
5,26,10845.550000000001,5,5,5,555,Champions
78,4,1548.7,2,4,4,244,Loyal Customers
72,2,567.36,3,2,3,323,About to Sleep
17,1,199.48000000000002,4,1,1,411,Recent / New Customers
3,5,787.85,5,4,3,543,Loyal Customers
36,10,7121.95,3,5,5,355,Loyal Customers
82,1,675.3,2,1,3,213,At Risk / Lost Customers
39,8,3627.77,3,5,5,355,Loyal Customers
316,1,1308.48,1,1,4,114,At Risk / Lost Customers
32,2,789.0,4,2,3,423,About to Sleep
93,3,1140.93,2,3,4,234,Loyal Customers
14,1,350.90000000000003,4,1,2,412,Recent / New Customers
82,3,3536.82,2,3,5,235,Loyal Customers
77,1,795.12,2,1,3,213,At Risk / Lost Customers
158,1,487.02,2,1,2,212,At Risk / Lost Customers
201,1,860.12,1,1,3,113,At Risk / Lost Customers
45,7,10736.48,3,5,5,355,Loyal Customers
261,1,775.85,1,1,3,113,At Risk / Lost Customers
178,1,353.43,2,1,2,212,At Risk / Lost Customers
68,3,2543.7200000000003,3,3,5,335,Loyal Customers
288,1,389.5,1,1,2,112,At Risk / Lost Customers
70,1,341.36,3,1,2,312,Recent / New Customers
64,1,233.76000000000002,3,1,1,311,Recent / New Customers
11,1,247.32,5,1,1,511,Recent / New Customers
16,2,979.12,4,2,4,424,About to Sleep
66,1,373.94,3,1,2,312,Recent / New Customers
60,1,397.98,3,1,2,312,Recent / New Customers
71,1,743.53,3,1,3,313,About to Sleep
122,1,674.7,2,1,3,213,At Risk / Lost Customers
80,1,768.24,2,1,3,213,At Risk / Lost Customers
257,1,609.95,1,1,3,113,At Risk / Lost Customers
269,1,439.03000000000003,1,1,2,112,At Risk / Lost Customers
64,1,439.56,3,1,2,312,Recent / New Customers
9,4,3090.7400000000002,5,4,5,545,Champions
18,2,992.5,4,2,4,424,About to Sleep
71,1,134.96,3,1,1,311,Recent / New Customers
34,2,2225.37,3,2,5,325,About to Sleep
50,1,56.16,3,1,1,311,Recent / New Customers
257,2,623.4,1,2,3,123,At Risk / Lost Customers
366,1,308.28000000000003,1,1,2,112,At Risk / Lost Customers
372,1,754.87,1,1,3,113,At Risk / Lost Customers
90,1,378.64,2,1,2,212,At Risk / Lost Customers
61,3,3312.25,3,3,5,335,Loyal Customers
89,1,778.65,2,1,3,213,At Risk / Lost Customers
99,3,1019.76,2,3,4,234,Loyal Customers
26,3,572.56,4,3,3,433,Loyal Customers
32,6,3639.31,4,5,5,455,Champions
281,1,222.99,1,1,1,111,At Risk / Lost Customers
31,7,4151.93,4,5,5,455,Champions
330,1,534.57,1,1,3,113,At Risk / Lost Customers
131,2,677.1,2,2,3,223,At Risk / Lost Customers
11,3,797.96,5,3,3,533,Loyal Customers
75,1,544.08,2,1,3,213,At Risk / Lost Customers
204,1,59.8,1,1,1,111,At Risk / Lost Customers
2,8,2520.02,5,5,5,555,Champions
185,1,307.72,1,1,2,112,At Risk / Lost Customers
29,2,1360.99,4,2,4,424,About to Sleep
73,5,1544.13,2,4,4,244,Loyal Customers
192,1,457.34000000000003,1,1,2,112,At Risk / Lost Customers
127,2,621.23,2,2,3,223,At Risk / Lost Customers
18,1,75.0,4,1,1,411,Recent / New Customers
1,2,252.49,5,2,2,522,Recent / New Customers
74,3,572.451,2,3,3,233,Loyal Customers
2,62,28117.04,5,5,5,555,Champions
24,5,1003.06,4,4,4,444,Champions
107,1,213.55,2,1,1,211,At Risk / Lost Customers
134,3,1390.5,2,3,4,234,Loyal Customers
44,2,712.5,3,2,3,323,About to Sleep
5,2,640.83,5,2,3,523,About to Sleep
12,18,6127.43,5,5,5,555,Champions
64,1,221.06,3,1,1,311,Recent / New Customers
150,2,159.85,2,2,1,221,At Risk / Lost Customers
40,2,1851.08,3,2,4,324,About to Sleep
64,1,2626.3,3,1,5,315,About to Sleep
108,3,1624.21,2,3,4,234,Loyal Customers
1,10,3641.32,5,5,5,555,Champions
19,3,582.6,4,3,3,433,Loyal Customers
10,1,218.47,5,1,1,511,Recent / New Customers
11,4,1006.8,5,4,4,544,Champions
19,2,679.45,4,2,3,423,About to Sleep
67,2,1269.1,3,2,4,324,About to Sleep
74,2,534.24,2,2,3,223,At Risk / Lost Customers
5,7,3809.89,5,5,5,555,Champions
2,1,196.89,5,1,1,511,Recent / New Customers
14,7,3408.06,4,5,5,455,Champions
255,1,283.71,1,1,2,112,At Risk / Lost Customers
92,1,296.64,2,1,2,212,At Risk / Lost Customers
23,3,1129.14,4,3,4,434,Loyal Customers
17,6,3539.3700000000003,4,5,5,455,Champions
24,1,291.88,4,1,2,412,Recent / New Customers
27,6,2043.72,4,5,4,454,Champions
26,5,2976.15,4,4,5,445,Champions
259,2,590.0,1,2,3,123,At Risk / Lost Customers
166,2,356.98,2,2,2,222,At Risk / Lost Customers
25,2,1058.34,4,2,4,424,About to Sleep
18,6,1766.72,4,5,4,454,Champions
7,14,9646.57,5,5,5,555,Champions
29,2,183.44,4,2,1,421,Recent / New Customers
39,3,1445.0,3,3,4,334,Loyal Customers
253,1,151.5,1,1,1,111,At Risk / Lost Customers
58,1,674.68,3,1,3,313,About to Sleep
184,1,307.90000000000003,1,1,2,112,At Risk / Lost Customers
11,2,1083.71,5,2,4,524,About to Sleep
2,37,5704.97,5,5,5,555,Champions
99,2,165.0,2,2,1,221,At Risk / Lost Customers
1,4,2531.58,5,4,5,545,Champions
61,2,422.64,3,2,2,322,Recent / New Customers
236,1,229.59,1,1,1,111,At Risk / Lost Customers
191,4,1431.78,1,4,4,144,At Risk / Lost Customers
179,2,1238.47,2,2,4,224,At Risk / Lost Customers
38,6,1454.58,3,5,4,354,Loyal Customers
201,2,300.95,1,2,2,122,At Risk / Lost Customers
46,5,1804.56,3,4,4,344,Loyal Customers
232,1,184.64000000000001,1,1,1,111,At Risk / Lost Customers
66,1,140.34,3,1,1,311,Recent / New Customers
241,1,313.8,1,1,2,112,At Risk / Lost Customers
233,1,454.24,1,1,2,112,At Risk / Lost Customers
78,3,1122.41,2,3,4,234,Loyal Customers
58,3,575.4,3,3,3,333,Loyal Customers
17,13,8968.31,4,5,5,455,Champions
105,4,449.52,2,4,2,242,Loyal Customers
52,10,1215.82,3,5,4,354,Loyal Customers
136,3,1269.84,2,3,4,234,Loyal Customers
275,2,618.63,1,2,3,123,At Risk / Lost Customers
312,1,316.26000000000005,1,1,2,112,At Risk / Lost Customers
8,5,2044.8700000000001,5,4,4,544,Champions
11,2,653.33,5,2,3,523,About to Sleep
283,2,348.05,1,2,2,122,At Risk / Lost Customers
18,5,1159.1100000000001,4,4,4,444,Champions
23,3,1166.77,4,3,4,434,Loyal Customers
288,1,1340.32,1,1,4,114,At Risk / Lost Customers
17,3,292.0,4,3,2,432,Loyal Customers
71,1,216.85,3,1,1,311,Recent / New Customers
64,1,295.93,3,1,2,312,Recent / New Customers
73,4,4393.63,2,4,5,245,Loyal Customers
316,2,458.52,1,2,2,122,At Risk / Lost Customers
3,4,2479.16,5,4,5,545,Champions
244,1,110.97,1,1,1,111,At Risk / Lost Customers
9,7,979.72,5,5,4,554,Champions
1,4,1791.56,5,4,4,544,Champions
261,1,251.21,1,1,2,112,At Risk / Lost Customers
127,1,205.1,2,1,1,211,At Risk / Lost Customers
74,1,152.20000000000002,2,1,1,211,At Risk / Lost Customers
73,4,891.12,2,4,3,243,Loyal Customers
21,3,1389.41,4,3,4,434,Loyal Customers
60,3,2128.42,3,3,5,335,Loyal Customers
86,1,659.44,2,1,3,213,At Risk / Lost Customers
78,1,122.75,2,1,1,211,At Risk / Lost Customers
59,6,3624.35,3,5,5,355,Loyal Customers
1,3,1093.65,5,3,4,534,Loyal Customers
30,1,125.80000000000001,4,1,1,411,Recent / New Customers
33,5,3964.88,4,4,5,445,Champions
41,5,680.1800000000001,3,4,3,343,Loyal Customers
15,2,628.78,4,2,3,423,About to Sleep
34,7,2287.51,3,5,5,355,Loyal Customers
79,2,307.76,2,2,2,222,At Risk / Lost Customers
205,2,483.8,1,2,2,122,At Risk / Lost Customers
34,1,210.31,3,1,1,311,Recent / New Customers
183,3,270.79,1,3,2,132,At Risk / Lost Customers
2,25,5870.08,5,5,5,555,Champions
1,7,3448.29,5,5,5,555,Champions
43,7,1280.85,3,5,4,354,Loyal Customers
86,3,631.34,2,3,3,233,Loyal Customers
40,2,291.41,3,2,2,322,Recent / New Customers
12,3,626.99,5,3,3,533,Loyal Customers
96,2,682.41,2,2,3,223,At Risk / Lost Customers
26,7,918.2,4,5,3,453,Loyal Customers
319,1,91.80000000000001,1,1,1,111,At Risk / Lost Customers
66,12,3740.07,3,5,5,355,Loyal Customers
74,4,4149.28,2,4,5,245,Loyal Customers
28,2,584.0600000000001,4,2,3,423,About to Sleep
6,4,605.06,5,4,3,543,Loyal Customers
7,1,174.37,5,1,1,511,Recent / New Customers
216,1,141.85999999999999,1,1,1,111,At Risk / Lost Customers
82,3,1799.3300000000002,2,3,4,234,Loyal Customers
84,2,777.53,2,2,3,223,At Risk / Lost Customers
144,3,1749.02,2,3,4,234,Loyal Customers
19,2,240.22,4,2,1,421,Recent / New Customers
41,2,874.71,3,2,3,323,About to Sleep
173,1,192.85,2,1,1,211,At Risk / Lost Customers
17,2,373.75,4,2,2,422,Recent / New Customers
243,1,239.49,1,1,1,111,At Risk / Lost Customers
13,12,2092.32,5,5,5,555,Champions
206,1,1384.25,1,1,4,114,At Risk / Lost Customers
50,2,294.40000000000003,3,2,2,322,Recent / New Customers
23,5,732.07,4,4,3,443,Loyal Customers
10,18,6717.34,5,5,5,555,Champions
25,4,1687.6000000000001,4,4,4,444,Champions
15,2,467.04,4,2,2,422,Recent / New Customers
309,1,118.0,1,1,1,111,At Risk / Lost Customers
156,1,781.03,2,1,3,213,At Risk / Lost Customers
307,1,142.4,1,1,1,111,At Risk / Lost Customers
64,1,712.4,3,1,3,313,About to Sleep
16,9,2478.95,4,5,5,455,Champions
15,2,379.65,4,2,2,422,Recent / New Customers
11,6,1981.92,5,5,4,554,Champions
65,3,1117.13,3,3,4,334,Loyal Customers
36,4,247.95999999999998,3,4,1,341,About to Sleep
108,5,2037.0800000000002,2,4,4,244,Loyal Customers
53,1,396.97,3,1,2,312,Recent / New Customers
6,2,697.04,5,2,3,523,About to Sleep
47,1,180.17000000000002,3,1,1,311,Recent / New Customers
1,21,5153.67,5,5,5,555,Champions
312,1,219.52,1,1,1,111,At Risk / Lost Customers
45,2,693.32,3,2,3,323,About to Sleep
65,1,428.89,3,1,2,312,Recent / New Customers
26,1,164.34,4,1,1,411,Recent / New Customers
29,3,280.54,4,3,2,432,Loyal Customers
40,1,678.01,3,1,3,313,About to Sleep
12,7,1131.88,5,5,4,554,Champions
89,3,1171.8,2,3,4,234,Loyal Customers
24,4,1610.46,4,4,4,444,Champions
319,1,417.69,1,1,2,112,At Risk / Lost Customers
40,3,544.18,3,3,3,333,Loyal Customers
174,1,177.34,2,1,1,211,At Risk / Lost Customers
117,1,213.85,2,1,1,211,At Risk / Lost Customers
31,5,747.78,4,4,3,443,Loyal Customers
253,1,257.23,1,1,2,112,At Risk / Lost Customers
59,5,1638.47,3,4,4,344,Loyal Customers
23,11,7792.36,4,5,5,455,Champions
5,7,2031.78,5,5,4,554,Champions
100,11,3070.42,2,5,5,255,Loyal Customers
25,5,2121.27,4,4,5,445,Champions
33,5,1575.16,4,4,4,444,Champions
68,1,1071.03,3,1,4,314,About to Sleep
37,5,949.12,3,4,4,344,Loyal Customers
52,3,810.5,3,3,3,333,Loyal Customers
16,1,122.64,4,1,1,411,Recent / New Customers
74,1,1033.34,2,1,4,214,At Risk / Lost Customers
216,1,354.8,1,1,2,112,At Risk / Lost Customers
31,3,519.44,4,3,3,433,Loyal Customers
16,4,2624.26,4,4,5,445,Champions
120,1,252.1,2,1,2,212,At Risk / Lost Customers
10,4,1678.1200000000001,5,4,4,544,Champions
257,2,346.6,1,2,2,122,At Risk / Lost Customers
17,6,1836.3400000000001,4,5,4,454,Champions
35,2,94.2,3,2,1,321,Recent / New Customers
46,3,1095.08,3,3,4,334,Loyal Customers
43,6,2707.33,3,5,5,355,Loyal Customers
114,2,932.97,2,2,3,223,At Risk / Lost Customers
165,2,379.65,2,2,2,222,At Risk / Lost Customers
11,2,382.14,5,2,2,522,Recent / New Customers
10,5,2639.17,5,4,5,545,Champions
206,2,1573.2,1,2,4,124,At Risk / Lost Customers
86,3,897.76,2,3,3,233,Loyal Customers
179,1,189.47,2,1,1,211,At Risk / Lost Customers
60,3,84.65,3,3,1,331,About to Sleep
149,1,305.02,2,1,2,212,At Risk / Lost Customers
3,21,6363.59,5,5,5,555,Champions
51,2,218.55,3,2,1,321,Recent / New Customers
75,1,349.7,2,1,2,212,At Risk / Lost Customers
301,2,186.39000000000001,1,2,1,121,At Risk / Lost Customers
19,2,396.92,4,2,2,422,Recent / New Customers
151,2,486.82000000000005,2,2,2,222,At Risk / Lost Customers
152,1,232.6,2,1,1,211,At Risk / Lost Customers
1,4,3722.42,5,4,5,545,Champions
18,4,827.83,4,4,3,443,Loyal Customers
187,1,59.5,1,1,1,111,At Risk / Lost Customers
286,1,67.23,1,1,1,111,At Risk / Lost Customers
3,7,3119.44,5,5,5,555,Champions
183,1,72.0,1,1,1,111,At Risk / Lost Customers
63,1,910.0,3,1,3,313,About to Sleep
59,1,172.25,3,1,1,311,Recent / New Customers
25,3,1488.32,4,3,4,434,Loyal Customers
4,50,65039.62,5,5,5,555,Champions
31,15,2504.13,4,5,5,455,Champions
39,1,151.3,3,1,1,311,Recent / New Customers
155,1,308.58000000000004,2,1,2,212,At Risk / Lost Customers
26,10,2265.12,4,5,5,455,Champions
318,1,99.5,1,1,1,111,At Risk / Lost Customers
5,9,2308.06,5,5,5,555,Champions
8,3,711.86,5,3,3,533,Loyal Customers
303,1,330.79,1,1,2,112,At Risk / Lost Customers
267,2,806.41,1,2,3,123,At Risk / Lost Customers
271,1,296.88,1,1,2,112,At Risk / Lost Customers
4,13,6328.05,5,5,5,555,Champions
32,1,180.48,4,1,1,411,Recent / New Customers
219,2,252.06,1,2,2,122,At Risk / Lost Customers
247,1,228.84,1,1,1,111,At Risk / Lost Customers
281,5,1079.34,1,4,4,144,At Risk / Lost Customers
269,1,138.28,1,1,1,111,At Risk / Lost Customers
32,6,1445.01,4,5,4,454,Champions
246,2,306.55,1,2,2,122,At Risk / Lost Customers
15,5,1041.68,4,4,4,444,Champions
117,4,799.9,2,4,3,243,Loyal Customers
36,1,524.14,3,1,3,313,About to Sleep
132,3,2375.41,2,3,5,235,Loyal Customers
217,1,199.85000000000002,1,1,1,111,At Risk / Lost Customers
50,8,1980.56,3,5,4,354,Loyal Customers
39,2,1079.66,3,2,4,324,About to Sleep
29,2,333.48,4,2,2,422,Recent / New Customers
37,6,1016.14,3,5,4,354,Loyal Customers
136,2,752.6,2,2,3,223,At Risk / Lost Customers
219,2,610.59,1,2,3,123,At Risk / Lost Customers
28,1,491.86,4,1,3,413,About to Sleep
25,4,2885.2400000000002,4,4,5,445,Champions
5,2,731.9,5,2,3,523,About to Sleep
200,1,339.6,1,1,2,112,At Risk / Lost Customers
18,1,216.9,4,1,1,411,Recent / New Customers
241,1,350.75,1,1,2,112,At Risk / Lost Customers
72,3,668.4300000000001,3,3,3,333,Loyal Customers
17,12,3131.02,4,5,5,455,Champions
3,7,1341.6,5,5,4,554,Champions
95,2,1156.36,2,2,4,224,At Risk / Lost Customers
162,1,300.04,2,1,2,212,At Risk / Lost Customers
374,1,79.6,1,1,1,111,At Risk / Lost Customers
96,5,948.25,2,4,4,244,Loyal Customers
54,5,1647.26,3,4,4,344,Loyal Customers
288,1,296.25,1,1,2,112,At Risk / Lost Customers
124,6,1186.28,2,5,4,254,Loyal Customers
288,1,741.26,1,1,3,113,At Risk / Lost Customers
152,2,282.6,2,2,2,222,At Risk / Lost Customers
4,9,2161.35,5,5,5,555,Champions
2,14,5189.52,5,5,5,555,Champions
12,7,3190.55,5,5,5,555,Champions
33,2,659.4100000000001,4,2,3,423,About to Sleep
54,2,286.79,3,2,2,322,Recent / New Customers
50,2,1070.65,3,2,4,324,About to Sleep
219,1,306.72,1,1,2,112,At Risk / Lost Customers
63,1,1714.96,3,1,4,314,About to Sleep
71,3,1521.76,3,3,4,334,Loyal Customers
2,37,17220.36,5,5,5,555,Champions
2,10,2796.51,5,5,5,555,Champions
64,4,2634.45,3,4,5,345,Loyal Customers
34,3,1132.13,3,3,4,334,Loyal Customers
82,1,345.0,2,1,2,212,At Risk / Lost Customers
1,33,25977.16,5,5,5,555,Champions
103,1,178.7,2,1,1,211,At Risk / Lost Customers
7,2,360.01,5,2,2,522,Recent / New Customers
251,1,127.84,1,1,1,111,At Risk / Lost Customers
13,6,912.0,5,5,3,553,Loyal Customers
10,11,2462.79,5,5,5,555,Champions
367,1,230.4,1,1,1,111,At Risk / Lost Customers
76,2,309.04,2,2,2,222,At Risk / Lost Customers
4,1,348.79999999999995,5,1,2,512,Recent / New Customers
128,2,1516.0,2,2,4,224,At Risk / Lost Customers
66,2,195.55,3,2,1,321,Recent / New Customers
1,57,37153.85,5,5,5,555,Champions
117,2,688.86,2,2,3,223,At Risk / Lost Customers
310,1,558.32,1,1,3,113,At Risk / Lost Customers
67,1,324.8,3,1,2,312,Recent / New Customers
139,3,4599.42,2,3,5,235,Loyal Customers
255,1,277.07,1,1,2,112,At Risk / Lost Customers
31,7,2635.79,4,5,5,455,Champions
52,2,924.5999999999999,3,2,3,323,About to Sleep
64,1,256.38,3,1,2,312,Recent / New Customers
367,1,112.6,1,1,1,111,At Risk / Lost Customers
6,5,1747.66,5,4,4,544,Champions
305,1,155.05,1,1,1,111,At Risk / Lost Customers
29,3,1499.01,4,3,4,434,Loyal Customers
184,3,814.5,1,3,3,133,At Risk / Lost Customers
42,3,539.0,3,3,3,333,Loyal Customers
40,4,1366.8600000000001,3,4,4,344,Loyal Customers
92,2,1579.12,2,2,4,224,At Risk / Lost Customers
22,4,4027.36,4,4,5,445,Champions
24,2,571.6700000000001,4,2,3,423,About to Sleep
29,2,382.98,4,2,2,422,Recent / New Customers
302,3,1140.35,1,3,4,134,At Risk / Lost Customers
145,2,385.64,2,2,2,222,At Risk / Lost Customers
6,2,632.0,5,2,3,523,About to Sleep
19,2,957.66,4,2,4,424,About to Sleep
33,5,1698.94,4,4,4,444,Champions
176,1,189.5,2,1,1,211,At Risk / Lost Customers
58,3,412.05,3,3,2,332,Loyal Customers
22,1,209.49,4,1,1,411,Recent / New Customers
16,6,2202.99,4,5,5,455,Champions
19,1,52.2,4,1,1,411,Recent / New Customers
159,1,384.8,2,1,2,212,At Risk / Lost Customers
25,4,834.57,4,4,3,443,Loyal Customers
212,2,271.24,1,2,2,122,At Risk / Lost Customers
6,4,691.73,5,4,3,543,Loyal Customers
253,1,85.0,1,1,1,111,At Risk / Lost Customers
59,9,3385.62,3,5,5,355,Loyal Customers
11,1,361.62,5,1,2,512,Recent / New Customers
65,1,312.98,3,1,2,312,Recent / New Customers
25,3,865.0600000000001,4,3,3,433,Loyal Customers
92,3,1255.0,2,3,4,234,Loyal Customers
52,2,1537.95,3,2,4,324,About to Sleep
129,1,1595.48,2,1,4,214,At Risk / Lost Customers
96,3,2651.46,2,3,5,235,Loyal Customers
57,1,1090.1399999999999,3,1,4,314,About to Sleep
9,25,8109.5199999999995,5,5,5,555,Champions
169,3,388.5,2,3,2,232,Loyal Customers
57,1,216.17000000000002,3,1,1,311,Recent / New Customers
326,1,201.16,1,1,1,111,At Risk / Lost Customers
1,5,1245.9,5,4,4,544,Champions
18,8,2209.36,4,5,5,455,Champions
248,1,305.78,1,1,2,112,At Risk / Lost Customers
58,4,501.56,3,4,3,343,Loyal Customers
74,1,145.67,2,1,1,211,At Risk / Lost Customers
31,3,1015.29,4,3,4,434,Loyal Customers
7,2,3192.54,5,2,5,525,About to Sleep
123,4,3104.9500000000003,2,4,5,245,Loyal Customers
2,8,2770.94,5,5,5,555,Champions
23,13,6403.25,4,5,5,455,Champions
120,3,389.6,2,3,2,232,Loyal Customers
358,1,540.45,1,1,3,113,At Risk / Lost Customers
54,5,1786.79,3,4,4,344,Loyal Customers
64,1,122.7,3,1,1,311,Recent / New Customers
86,1,117.24,2,1,1,211,At Risk / Lost Customers
55,1,1281.53,3,1,4,314,About to Sleep
21,13,3219.77,4,5,5,455,Champions
4,20,17159.52,5,5,5,555,Champions
3,5,1191.13,5,4,4,544,Champions
11,5,2674.48,5,4,5,545,Champions
7,5,787.6,5,4,3,543,Loyal Customers
189,2,506.8,1,2,3,123,At Risk / Lost Customers
71,1,243.56,3,1,1,311,Recent / New Customers
204,1,349.55,1,1,2,112,At Risk / Lost Customers
120,2,605.63,2,2,3,223,At Risk / Lost Customers
93,1,416.90000000000003,2,1,2,212,At Risk / Lost Customers
1,10,1883.81,5,5,4,554,Champions
27,4,632.97,4,4,3,443,Loyal Customers
298,1,821.1,1,1,3,113,At Risk / Lost Customers
24,3,564.62,4,3,3,433,Loyal Customers
28,4,2593.07,4,4,5,445,Champions
50,1,311.16,3,1,2,312,Recent / New Customers
326,1,155.93,1,1,1,111,At Risk / Lost Customers
16,2,388.52,4,2,2,422,Recent / New Customers
183,3,740.95,1,3,3,133,At Risk / Lost Customers
72,5,2867.2000000000003,3,4,5,345,Loyal Customers
37,2,332.64,3,2,2,322,Recent / New Customers
80,4,2369.55,2,4,5,245,Loyal Customers
57,9,2580.91,3,5,5,355,Loyal Customers
12,2,626.45,5,2,3,523,About to Sleep
50,2,272.04,3,2,2,322,Recent / New Customers
50,2,1212.8400000000001,3,2,4,324,About to Sleep
59,2,384.81,3,2,2,322,Recent / New Customers
352,1,172.25,1,1,1,111,At Risk / Lost Customers
54,1,351.13,3,1,2,312,Recent / New Customers
2,6,1838.8500000000001,5,5,4,554,Champions
93,4,678.25,2,4,3,243,Loyal Customers
23,1,223.85000000000002,4,1,1,411,Recent / New Customers
75,1,348.99,2,1,2,212,At Risk / Lost Customers
11,4,464.57,5,4,2,542,Loyal Customers
169,2,842.65,2,2,3,223,At Risk / Lost Customers
58,2,337.34,3,2,2,322,Recent / New Customers
96,2,1237.53,2,2,4,224,At Risk / Lost Customers
295,1,307.4,1,1,2,112,At Risk / Lost Customers
109,2,608.79,2,2,3,223,At Risk / Lost Customers
264,1,922.1,1,1,3,113,At Risk / Lost Customers
180,1,376.58,1,1,2,112,At Risk / Lost Customers
169,1,158.85,2,1,1,211,At Risk / Lost Customers
35,1,71.66,3,1,1,311,Recent / New Customers
23,3,568.55,4,3,3,433,Loyal Customers
17,4,839.14,4,4,3,443,Loyal Customers
22,5,5112.96,4,4,5,445,Champions
79,3,561.57,2,3,3,233,Loyal Customers
65,1,90.60000000000001,3,1,1,311,Recent / New Customers
361,1,102.0,1,1,1,111,At Risk / Lost Customers
3,6,2427.32,5,5,5,555,Champions
11,4,745.0600000000001,5,4,3,543,Loyal Customers
176,3,674.45,2,3,3,233,Loyal Customers
218,2,3251.071,1,2,5,125,At Risk / Lost Customers
7,7,3515.68,5,5,5,555,Champions
2,2,439.92,5,3,2,532,Loyal Customers
154,2,322.96,2,3,2,232,Loyal Customers
5,5,1026.42,5,4,4,544,Champions
79,3,598.2,2,3,3,233,Loyal Customers
21,2,230.22,4,3,1,431,About to Sleep
22,2,169.54999999999998,4,3,1,431,About to Sleep
308,4,664.54,1,4,3,143,At Risk / Lost Customers
146,1,80.7,2,1,1,211,At Risk / Lost Customers
7,18,9053.94,5,5,5,555,Champions
19,8,2758.26,4,5,5,455,Champions
71,2,190.25,3,3,1,331,About to Sleep
287,1,264.7,1,1,2,112,At Risk / Lost Customers
49,1,413.59000000000003,3,1,2,312,Recent / New Customers
31,6,2526.28,4,5,5,455,Champions
207,1,357.98,1,1,2,112,At Risk / Lost Customers
15,2,196.79,4,3,1,431,About to Sleep
73,1,869.87,2,1,3,213,At Risk / Lost Customers
60,1,200.14,3,1,1,311,Recent / New Customers
39,4,1871.81,3,4,4,344,Loyal Customers
30,12,2603.43,4,5,5,455,Champions
27,5,920.51,4,4,3,443,Loyal Customers
4,15,7060.13,5,5,5,555,Champions
17,1,320.46,4,1,2,412,Recent / New Customers
20,6,4147.96,4,5,5,455,Champions
66,2,1266.08,3,3,4,334,Loyal Customers
213,1,311.3,1,1,2,112,At Risk / Lost Customers
12,6,855.97,5,5,3,553,Loyal Customers
30,1,76.8,4,1,1,411,Recent / New Customers
43,9,3466.36,3,5,5,355,Loyal Customers
4,6,2313.14,5,5,5,555,Champions
15,5,1393.69,4,4,4,444,Champions
10,12,3901.81,5,5,5,555,Champions
211,1,635.66,1,1,3,113,At Risk / Lost Customers
46,3,2043.0800000000002,3,3,4,334,Loyal Customers
134,2,529.73,2,3,3,233,Loyal Customers
43,7,4582.64,3,5,5,355,Loyal Customers
10,5,2874.72,5,4,5,545,Champions
116,3,962.19,2,3,4,234,Loyal Customers
198,2,695.61,1,3,3,133,At Risk / Lost Customers
278,1,328.8,1,1,2,112,At Risk / Lost Customers
110,3,473.02,2,3,2,232,Loyal Customers
77,1,505.18,2,1,3,213,At Risk / Lost Customers
53,1,917.34,3,1,3,313,About to Sleep
162,4,4341.21,2,4,5,245,Loyal Customers
47,3,1421.6100000000001,3,3,4,334,Loyal Customers
17,2,642.8,4,3,3,433,Loyal Customers
155,3,631.9,2,3,3,233,Loyal Customers
225,1,440.0,1,1,2,112,At Risk / Lost Customers
7,2,584.07,5,3,3,533,Loyal Customers
122,2,327.7,2,3,2,232,Loyal Customers
61,1,104.82,3,1,1,311,Recent / New Customers
63,2,467.66,3,3,2,332,Loyal Customers
18,8,2360.09,4,5,5,455,Champions
7,19,17286.86,5,5,5,555,Champions
2,11,2975.59,5,5,5,555,Champions
22,3,651.8199999999999,4,3,3,433,Loyal Customers
29,5,1428.02,4,4,4,444,Champions
285,1,626.65,1,1,3,113,At Risk / Lost Customers
176,2,147.20000000000002,2,3,1,231,At Risk / Lost Customers
78,3,1560.38,2,3,4,234,Loyal Customers
33,1,152.2,4,1,1,411,Recent / New Customers
41,12,3614.92,3,5,5,355,Loyal Customers
266,1,141.41,1,1,1,111,At Risk / Lost Customers
27,4,652.82,4,4,3,443,Loyal Customers
109,4,1659.75,2,4,4,244,Loyal Customers
284,1,154.99,1,1,1,111,At Risk / Lost Customers
9,5,1308.6100000000001,5,4,4,544,Champions
305,1,409.93,1,1,2,112,At Risk / Lost Customers
17,4,5681.72,4,4,5,445,Champions
32,2,746.36,4,3,3,433,Loyal Customers
1,23,15610.390000000001,5,5,5,555,Champions
20,1,225.35999999999999,4,1,1,411,Recent / New Customers
124,2,260.25,2,3,2,232,Loyal Customers
65,1,92.46000000000001,3,1,1,311,Recent / New Customers
106,1,725.6400000000001,2,1,3,213,At Risk / Lost Customers
1,23,8214.65,5,5,5,555,Champions
24,17,6217.96,4,5,5,455,Champions
267,1,183.6,1,1,1,111,At Risk / Lost Customers
5,19,6140.42,5,5,5,555,Champions
10,12,10464.85,5,5,5,555,Champions
29,5,1353.74,4,4,4,444,Champions
267,1,152.55,1,1,1,111,At Risk / Lost Customers
64,2,374.7,3,3,2,332,Loyal Customers
320,1,265.85,1,1,2,112,At Risk / Lost Customers
4,8,1438.82,5,5,4,554,Champions
32,1,151.04,4,1,1,411,Recent / New Customers
5,3,942.26,5,3,3,533,Loyal Customers
129,1,122.47,2,1,1,211,At Risk / Lost Customers
41,5,499.42,3,4,3,343,Loyal Customers
102,6,1049.37,2,5,4,254,Loyal Customers
125,1,375.1,2,1,2,212,At Risk / Lost Customers
33,1,45.599999999999994,4,1,1,411,Recent / New Customers
302,2,934.52,1,3,3,133,At Risk / Lost Customers
365,1,182.25,1,1,1,111,At Risk / Lost Customers
4,9,1018.43,5,5,4,554,Champions
2,18,4448.54,5,5,5,555,Champions
3,1,194.42,5,1,1,511,Recent / New Customers
10,13,50491.81,5,5,5,555,Champions
57,1,161.0,3,1,1,311,Recent / New Customers
325,1,76.32000000000001,1,1,1,111,At Risk / Lost Customers
8,14,4076.9100000000003,5,5,5,555,Champions
12,1,442.85,5,1,2,512,Recent / New Customers
4,17,65164.79,5,5,5,555,Champions
37,1,147.35,3,1,1,311,Recent / New Customers
16,11,3104.17,4,5,5,455,Champions
138,1,194.9,2,1,1,211,At Risk / Lost Customers
74,6,5976.79,2,5,5,255,Loyal Customers
5,5,1360.28,5,4,4,544,Champions
155,2,216.21,2,3,1,231,At Risk / Lost Customers
239,1,1266.23,1,1,4,114,At Risk / Lost Customers
52,7,2703.23,3,5,5,355,Loyal Customers
31,2,597.91,4,3,3,433,Loyal Customers
73,1,144.2,2,1,1,211,At Risk / Lost Customers
4,12,5683.15,5,5,5,555,Champions
14,4,692.85,4,4,3,443,Loyal Customers
23,7,2915.15,4,5,5,455,Champions
4,4,1840.42,5,4,4,544,Champions
274,2,386.53,1,3,2,132,At Risk / Lost Customers
20,5,1382.74,4,4,4,444,Champions
144,1,90.0,2,1,1,211,At Risk / Lost Customers
4,4,2780.15,5,4,5,545,Champions
84,1,419.58,2,1,2,212,At Risk / Lost Customers
11,3,2740.43,5,3,5,535,Loyal Customers
8,3,706.1300000000001,5,3,3,533,Loyal Customers
123,3,709.71,2,3,3,233,Loyal Customers
61,2,637.5,3,3,3,333,Loyal Customers
2,5,1123.8600000000001,5,4,4,544,Champions
319,1,483.86,1,1,2,112,At Risk / Lost Customers
2,11,3586.03,5,5,5,555,Champions
130,3,605.64,2,3,3,233,Loyal Customers
2,15,4690.31,5,5,5,555,Champions
2,2,982.38,5,3,4,534,Loyal Customers
46,1,415.82,3,1,2,312,Recent / New Customers
4,2,935.05,5,3,3,533,Loyal Customers
3,4,915.13,5,4,3,543,Loyal Customers
373,1,311.81,1,1,2,112,At Risk / Lost Customers
134,1,115.8,2,1,1,211,At Risk / Lost Customers
47,4,3742.2,3,4,5,345,Loyal Customers
9,5,4191.0,5,4,5,545,Champions
78,2,483.4,2,3,2,232,Loyal Customers
234,1,157.2,1,1,1,111,At Risk / Lost Customers
221,1,446.62,1,1,2,112,At Risk / Lost Customers
36,2,658.64,3,3,3,333,Loyal Customers
75,2,621.29,2,3,3,233,Loyal Customers
239,2,1345.62,1,3,4,134,At Risk / Lost Customers
266,1,118.75,1,1,1,111,At Risk / Lost Customers
10,55,117379.63,5,5,5,555,Champions
20,2,432.88,4,3,2,432,Loyal Customers
40,1,507.65999999999997,3,1,3,313,About to Sleep
20,11,4693.01,4,5,5,455,Champions
216,3,1110.52,1,3,4,134,At Risk / Lost Customers
174,2,289.36,2,3,2,232,Loyal Customers
87,4,2445.91,2,4,5,245,Loyal Customers
71,2,1631.77,3,3,4,334,Loyal Customers
276,1,122.53999999999999,1,1,1,111,At Risk / Lost Customers
39,4,574.84,3,4,3,343,Loyal Customers
98,1,363.79,2,1,2,212,At Risk / Lost Customers
11,4,450.84,5,4,2,542,Loyal Customers
33,1,134.46,4,1,1,411,Recent / New Customers
60,3,3222.3,3,3,5,335,Loyal Customers
297,4,576.9000000000001,1,4,3,143,At Risk / Lost Customers
86,4,559.41,2,4,3,243,Loyal Customers
9,7,1620.93,5,5,4,554,Champions
41,2,719.78,3,3,3,333,Loyal Customers
11,25,4748.52,5,5,5,555,Champions
67,1,452.89,3,1,2,312,Recent / New Customers
331,1,197.65,1,1,1,111,At Risk / Lost Customers
31,6,2054.36,4,5,4,454,Champions
2,15,4654.08,5,5,5,555,Champions
2,13,4684.76,5,5,5,555,Champions
68,2,853.39,3,3,3,333,Loyal Customers
5,21,11349.52,5,5,5,555,Champions
202,2,1012.0,1,3,4,134,At Risk / Lost Customers
107,1,335.52,2,1,2,212,At Risk / Lost Customers
18,4,701.4,4,4,3,443,Loyal Customers
218,1,185.39999999999998,1,1,1,111,At Risk / Lost Customers
60,7,747.44,3,5,3,353,Loyal Customers
2,1,161.03,5,1,1,511,Recent / New Customers
17,2,466.7,4,3,2,432,Loyal Customers
239,1,328.15999999999997,1,1,2,112,At Risk / Lost Customers
95,1,151.74,2,1,1,211,At Risk / Lost Customers
11,6,2073.43,5,5,5,555,Champions
106,6,1905.8400000000001,2,5,4,254,Loyal Customers
53,9,2241.1,3,5,5,355,Loyal Customers
90,1,1070.48,2,1,4,214,At Risk / Lost Customers
31,5,1004.38,4,4,4,444,Champions
12,6,1789.72,5,5,4,554,Champions
3,4,1839.3,5,4,4,544,Champions
2,17,2004.98,5,5,4,554,Champions
43,1,169.48000000000002,3,1,1,311,Recent / New Customers
4,1,89.94,5,1,1,511,Recent / New Customers
247,2,632.4000000000001,1,3,3,133,At Risk / Lost Customers
42,9,3432.8,3,5,5,355,Loyal Customers
177,1,683.17,2,1,3,213,At Risk / Lost Customers
92,3,991.13,2,3,4,234,Loyal Customers
110,4,1050.1200000000001,2,4,4,244,Loyal Customers
29,5,2232.19,4,4,5,445,Champions
26,10,3350.96,4,5,5,455,Champions
52,3,1547.2,3,3,4,334,Loyal Customers
184,3,925.71,1,3,3,133,At Risk / Lost Customers
43,5,2048.07,3,4,4,344,Loyal Customers
49,4,1462.72,3,4,4,344,Loyal Customers
22,4,775.46,4,4,3,443,Loyal Customers
75,5,3144.86,2,4,5,245,Loyal Customers
81,2,490.86,2,3,3,233,Loyal Customers
373,1,161.0,1,1,1,111,At Risk / Lost Customers
326,1,146.85,1,1,1,111,At Risk / Lost Customers
43,11,2380.85,3,5,5,355,Loyal Customers
30,2,890.34,4,3,3,433,Loyal Customers
184,1,213.70000000000002,1,1,1,111,At Risk / Lost Customers
235,2,280.55,1,3,2,132,At Risk / Lost Customers
9,10,2588.77,5,5,5,555,Champions
220,2,1693.45,1,3,4,134,At Risk / Lost Customers
111,3,1474.06,2,3,4,234,Loyal Customers
278,1,136.77,1,1,1,111,At Risk / Lost Customers
318,1,302.58,1,1,2,112,At Risk / Lost Customers
7,3,1904.05,5,3,4,534,Loyal Customers
2,5,2879.7000000000003,5,4,5,545,Champions
260,2,969.0600000000001,1,3,4,134,At Risk / Lost Customers
64,5,3099.7200000000003,3,4,5,345,Loyal Customers
9,9,12669.98,5,5,5,555,Champions
142,1,120.0,2,1,1,211,At Risk / Lost Customers
51,2,1163.45,3,3,4,334,Loyal Customers
8,8,2618.23,5,5,5,555,Champions
155,2,333.97,2,3,2,232,Loyal Customers
109,2,530.18,2,3,3,233,Loyal Customers
163,3,1516.24,2,3,4,234,Loyal Customers
332,1,492.65000000000003,1,1,3,113,At Risk / Lost Customers
226,1,112.32000000000001,1,1,1,111,At Risk / Lost Customers
74,2,437.96,2,3,2,232,Loyal Customers
51,4,559.97,3,4,3,343,Loyal Customers
99,3,1119.74,2,3,4,234,Loyal Customers
15,3,4216.2,4,3,5,435,Loyal Customers
197,1,134.04,1,1,1,111,At Risk / Lost Customers
3,15,3729.34,5,5,5,555,Champions
31,2,595.25,4,3,3,433,Loyal Customers
21,4,1910.01,4,4,4,444,Champions
24,3,4628.75,4,3,5,435,Loyal Customers
8,3,176.63,5,3,1,531,About to Sleep
213,1,426.6,1,1,2,112,At Risk / Lost Customers
9,6,911.26,5,5,3,553,Loyal Customers
11,5,2314.65,5,4,5,545,Champions
2,11,3883.25,5,5,5,555,Champions
8,9,4871.93,5,5,5,555,Champions
3,4,1046.56,5,4,4,544,Champions
40,1,166.20000000000002,3,1,1,311,Recent / New Customers
18,4,1305.33,4,4,4,444,Champions
8,44,51527.3,5,5,5,555,Champions
8,9,3965.62,5,5,5,555,Champions
19,1,43.2,4,1,1,411,Recent / New Customers
117,1,640.14,2,1,3,213,At Risk / Lost Customers
223,1,383.45,1,1,2,112,At Risk / Lost Customers
71,3,1858.96,3,3,4,334,Loyal Customers
51,2,2093.32,3,3,5,335,Loyal Customers
89,6,2995.7200000000003,2,5,5,255,Loyal Customers
8,9,2352.53,5,5,5,555,Champions
243,1,310.26,1,1,2,112,At Risk / Lost Customers
47,6,1611.5900000000001,3,5,4,354,Loyal Customers
107,1,120.0,2,1,1,211,At Risk / Lost Customers
45,6,2481.13,3,5,5,355,Loyal Customers
65,1,508.58,3,1,3,313,About to Sleep
207,2,477.79,1,3,2,132,At Risk / Lost Customers
11,5,1530.75,5,4,4,544,Champions
115,2,605.0600000000001,2,3,3,233,Loyal Customers
242,1,183.85,1,1,1,111,At Risk / Lost Customers
163,1,311.65000000000003,2,1,2,212,At Risk / Lost Customers
17,7,5014.84,4,5,5,455,Champions
124,2,462.66,2,3,2,232,Loyal Customers
23,3,866.3100000000001,4,3,3,433,Loyal Customers
68,1,415.2,3,1,2,312,Recent / New Customers
17,8,2552.21,4,5,5,455,Champions
16,2,468.26,4,3,2,432,Loyal Customers
17,4,1614.91,4,4,4,444,Champions
161,2,588.22,2,3,3,233,Loyal Customers
243,1,309.52000000000004,1,1,2,112,At Risk / Lost Customers
219,1,134.7,1,1,1,111,At Risk / Lost Customers
45,8,2182.28,3,5,5,355,Loyal Customers
21,4,668.5600000000001,4,4,3,443,Loyal Customers
127,8,889.9300000000001,2,5,3,253,Loyal Customers
39,1,108.98,3,1,1,311,Recent / New Customers
121,2,1021.58,2,3,4,234,Loyal Customers
260,1,409.57,1,1,2,112,At Risk / Lost Customers
10,1,133.5,5,1,1,511,Recent / New Customers
274,1,282.93,1,1,2,112,At Risk / Lost Customers
165,1,51.0,2,1,1,211,At Risk / Lost Customers
157,4,1078.96,2,4,4,244,Loyal Customers
215,1,90.6,1,1,1,111,At Risk / Lost Customers
6,2,163.62,5,3,1,531,About to Sleep
366,1,174.4,1,1,1,111,At Risk / Lost Customers
80,2,701.23,2,3,3,233,Loyal Customers
43,1,225.77,3,1,1,311,Recent / New Customers
19,3,912.1800000000001,4,3,3,433,Loyal Customers
32,4,2128.23,4,4,5,445,Champions
22,1,161.2,4,1,1,411,Recent / New Customers
109,8,3717.35,2,5,5,255,Loyal Customers
8,16,9261.52,5,5,5,555,Champions
320,1,155.0,1,1,1,111,At Risk / Lost Customers
295,1,100.5,1,1,1,111,At Risk / Lost Customers
358,1,76.55,1,1,1,111,At Risk / Lost Customers
185,1,257.68,1,1,2,112,At Risk / Lost Customers
191,2,617.05,1,3,3,133,At Risk / Lost Customers
44,2,348.1,3,3,2,332,Loyal Customers
52,1,202.68,3,1,1,311,Recent / New Customers
26,1,626.07,4,1,3,413,About to Sleep
38,3,1247.69,3,3,4,334,Loyal Customers
9,3,202.10999999999999,5,3,1,531,About to Sleep
297,1,142.4,1,1,1,111,At Risk / Lost Customers
33,3,1770.56,4,3,4,434,Loyal Customers
10,8,3212.84,5,5,5,555,Champions
65,2,1043.46,3,3,4,334,Loyal Customers
10,9,4652.82,5,5,5,555,Champions
218,1,67.95,1,1,1,111,At Risk / Lost Customers
2,9,3507.71,5,5,5,555,Champions
65,2,487.99,3,3,2,332,Loyal Customers
3,19,2612.96,5,5,5,555,Champions
149,1,574.7,2,1,3,213,At Risk / Lost Customers
4,13,4051.48,5,5,5,555,Champions
130,4,1475.81,2,4,4,244,Loyal Customers
34,6,1474.32,3,5,4,354,Loyal Customers
119,1,156.75,2,1,1,211,At Risk / Lost Customers
107,6,2157.73,2,5,5,255,Loyal Customers
11,7,2606.53,5,5,5,555,Champions
71,6,2059.4500000000003,3,5,5,355,Loyal Customers
92,9,1105.07,2,5,4,254,Loyal Customers
311,1,1063.0,1,1,4,114,At Risk / Lost Customers
43,2,770.03,3,3,3,333,Loyal Customers
362,1,122.7,1,1,1,111,At Risk / Lost Customers
92,7,1496.98,2,5,4,254,Loyal Customers
1,13,5900.28,5,5,5,555,Champions
22,2,490.22,4,3,3,433,Loyal Customers
4,3,1937.25,5,3,4,534,Loyal Customers
11,6,1058.06,5,5,4,554,Champions
99,1,387.52,2,1,2,212,At Risk / Lost Customers
57,2,813.11,3,3,3,333,Loyal Customers
1,6,4263.64,5,5,5,555,Champions
218,1,265.2,1,1,2,112,At Risk / Lost Customers
18,1,322.08,4,1,2,412,Recent / New Customers
24,10,4481.67,4,5,5,455,Champions
50,2,363.34000000000003,3,3,2,332,Loyal Customers
7,5,1244.83,5,4,4,544,Champions
303,1,470.36,1,1,2,112,At Risk / Lost Customers
10,6,2255.51,5,5,5,555,Champions
22,6,1372.8,4,5,4,454,Champions
99,1,89.06,2,1,1,211,At Risk / Lost Customers
366,1,63.0,1,1,1,111,At Risk / Lost Customers
306,1,131.9,1,1,1,111,At Risk / Lost Customers
320,1,2661.24,1,1,5,115,At Risk / Lost Customers
8,5,2357.68,5,4,5,545,Champions
1,4,1712.89,5,4,4,544,Champions
205,2,1589.82,1,3,4,134,At Risk / Lost Customers
54,4,1420.2,3,4,4,344,Loyal Customers
1,4,1039.58,5,4,4,544,Champions
19,5,1163.23,4,4,4,444,Champions
9,2,375.35,5,3,2,532,Loyal Customers
19,4,907.1,4,4,3,443,Loyal Customers
181,3,483.25,1,3,2,132,At Risk / Lost Customers
60,2,662.59,3,3,3,333,Loyal Customers
11,2,264.44,5,3,2,532,Loyal Customers
190,1,119.93,1,1,1,111,At Risk / Lost Customers
5,9,3062.4,5,5,5,555,Champions
311,1,113.64,1,1,1,111,At Risk / Lost Customers
155,1,1837.92,2,1,4,214,At Risk / Lost Customers
110,3,434.34,2,3,2,232,Loyal Customers
148,3,2103.06,2,3,5,235,Loyal Customers
66,11,2004.02,3,5,4,354,Loyal Customers
98,3,529.62,2,3,3,233,Loyal Customers
247,3,1058.6200000000001,1,3,4,134,At Risk / Lost Customers
29,7,2272.4,4,5,5,455,Champions
18,4,598.76,4,4,3,443,Loyal Customers
12,2,461.19,5,3,2,532,Loyal Customers
104,8,1936.84,2,5,4,254,Loyal Customers
74,2,234.34,2,3,1,231,At Risk / Lost Customers
46,1,547.66,3,1,3,313,About to Sleep
72,3,925.85,3,3,3,333,Loyal Customers
257,1,215.7,1,1,1,111,At Risk / Lost Customers
20,4,1309.6,4,4,4,444,Champions
254,2,316.25,1,3,2,132,At Risk / Lost Customers
11,1,279.05,5,1,2,512,Recent / New Customers
165,2,636.51,2,3,3,233,Loyal Customers
18,6,2068.15,4,5,5,455,Champions
282,1,137.1,1,1,1,111,At Risk / Lost Customers
50,1,321.92,3,1,2,312,Recent / New Customers
39,1,165.75,3,1,1,311,Recent / New Customers
27,6,1196.33,4,5,4,454,Champions
68,1,1064.28,3,1,4,314,About to Sleep
207,1,463.38,1,1,2,112,At Risk / Lost Customers
175,2,340.93,2,3,2,232,Loyal Customers
7,5,2383.2400000000002,5,4,5,545,Champions
26,1,139.56,4,1,1,411,Recent / New Customers
51,2,123.80000000000001,3,3,1,331,About to Sleep
312,2,538.8100000000001,1,3,3,133,At Risk / Lost Customers
309,1,475.37,1,1,2,112,At Risk / Lost Customers
43,5,1957.32,3,4,4,344,Loyal Customers
26,3,815.32,4,3,3,433,Loyal Customers
88,3,356.85,2,3,2,232,Loyal Customers
184,2,251.21,1,3,2,132,At Risk / Lost Customers
20,11,2470.67,4,5,5,455,Champions
3,6,3543.26,5,5,5,555,Champions
47,4,673.26,3,4,3,343,Loyal Customers
17,8,5905.64,4,5,5,455,Champions
17,5,2012.17,4,4,4,444,Champions
24,6,1383.18,4,5,4,454,Champions
22,2,276.42,4,3,2,432,Loyal Customers
11,5,1314.81,5,4,4,544,Champions
188,2,275.28,1,3,2,132,At Risk / Lost Customers
101,3,455.59000000000003,2,3,2,232,Loyal Customers
61,3,1055.35,3,3,4,334,Loyal Customers
18,6,2102.09,4,5,5,455,Champions
33,2,330.45,4,3,2,432,Loyal Customers
64,1,174.37,3,1,1,311,Recent / New Customers
2,2,270.6,5,3,2,532,Loyal Customers
24,4,974.54,4,4,4,444,Champions
108,1,241.09,2,1,1,211,At Risk / Lost Customers
32,9,1867.68,4,5,4,454,Champions
20,9,4332.2,4,5,5,455,Champions
3,55,8508.82,5,5,5,555,Champions
37,1,364.21999999999997,3,1,2,312,Recent / New Customers
60,3,620.04,3,3,3,333,Loyal Customers
26,6,2925.91,4,5,5,455,Champions
236,4,932.85,1,4,3,143,At Risk / Lost Customers
25,7,1949.72,4,5,4,454,Champions
3,18,4447.05,5,5,5,555,Champions
60,3,2864.19,3,3,5,335,Loyal Customers
260,1,171.8,1,1,1,111,At Risk / Lost Customers
58,1,355.56,3,1,2,312,Recent / New Customers
65,2,388.25,3,3,2,332,Loyal Customers
16,2,537.48,4,3,3,433,Loyal Customers
10,3,996.26,5,3,4,534,Loyal Customers
59,8,1461.65,3,5,4,354,Loyal Customers
186,1,103.25,1,1,1,111,At Risk / Lost Customers
29,16,3630.33,4,5,5,455,Champions
24,2,2024.45,4,3,4,434,Loyal Customers
5,5,2578.09,5,4,5,545,Champions
4,8,4007.54,5,5,5,555,Champions
151,2,652.8,2,3,3,233,Loyal Customers
311,1,289.24,1,1,2,112,At Risk / Lost Customers
11,2,765.62,5,3,3,533,Loyal Customers
18,2,186.23,4,3,1,431,About to Sleep
152,1,165.07,2,1,1,211,At Risk / Lost Customers
19,5,859.27,4,4,3,443,Loyal Customers
10,4,2381.04,5,4,5,545,Champions
57,2,324.14,3,3,2,332,Loyal Customers
85,1,788.38,2,1,3,213,At Risk / Lost Customers
7,22,2237.77,5,5,5,555,Champions
76,3,1080.76,2,3,4,234,Loyal Customers
4,18,5074.77,5,5,5,555,Champions
96,4,3099.12,2,4,5,245,Loyal Customers
111,1,1432.0,2,1,4,214,At Risk / Lost Customers
57,2,1530.3600000000001,3,3,4,334,Loyal Customers
1,1,227.39,5,1,1,511,Recent / New Customers
281,2,218.06,1,3,1,131,At Risk / Lost Customers
3,7,2832.84,5,5,5,555,Champions
180,9,1653.42,1,5,4,154,At Risk / Lost Customers
372,1,35.400000000000006,1,1,1,111,At Risk / Lost Customers
13,4,859.71,5,4,3,543,Loyal Customers
3,1,168.63,5,1,1,511,Recent / New Customers
17,1,138.6,4,1,1,411,Recent / New Customers
41,1,114.11,3,1,1,311,Recent / New Customers
6,5,1052.55,5,4,4,544,Champions
169,4,1042.26,2,4,4,244,Loyal Customers
50,1,157.05,3,1,1,311,Recent / New Customers
277,1,237.35999999999999,1,1,1,111,At Risk / Lost Customers
19,9,1601.14,4,5,4,454,Champions
372,1,39.75,1,1,1,111,At Risk / Lost Customers
15,4,1447.14,4,4,4,444,Champions
35,3,570.46,3,3,3,333,Loyal Customers
22,3,617.99,4,3,3,433,Loyal Customers
7,2,379.83,5,3,2,532,Loyal Customers
20,6,1740.6000000000001,4,5,4,454,Champions
11,2,883.15,5,3,3,533,Loyal Customers
44,1,221.97,3,1,1,311,Recent / New Customers
306,1,393.33000000000004,1,1,2,112,At Risk / Lost Customers
11,1,213.96,5,1,1,511,Recent / New Customers
275,1,660.0,1,1,3,113,At Risk / Lost Customers
1,93,12156.65,5,5,5,555,Champions
16,14,16569.5,4,5,5,455,Champions
4,4,1785.15,5,4,4,544,Champions
72,4,601.56,3,4,3,343,Loyal Customers
243,3,406.08000000000004,1,3,2,132,At Risk / Lost Customers
9,3,553.44,5,3,3,533,Loyal Customers
246,1,394.44,1,1,2,112,At Risk / Lost Customers
206,2,412.78000000000003,1,3,2,132,At Risk / Lost Customers
1,5,1788.3600000000001,5,4,4,544,Champions
185,1,320.58000000000004,1,1,2,112,At Risk / Lost Customers
32,5,889.25,4,4,3,443,Loyal Customers
57,2,225.85,3,3,1,331,About to Sleep
196,2,899.63,1,3,3,133,At Risk / Lost Customers
24,4,2791.27,4,4,5,445,Champions
91,2,671.96,2,3,3,233,Loyal Customers
4,2,959.01,5,3,4,534,Loyal Customers
51,3,1006.98,3,3,4,334,Loyal Customers
263,1,114.56,1,1,1,111,At Risk / Lost Customers
266,1,344.90000000000003,1,1,2,112,At Risk / Lost Customers
36,2,609.85,3,3,3,333,Loyal Customers
51,1,443.6,3,1,2,312,Recent / New Customers
52,6,2984.4900000000002,3,5,5,355,Loyal Customers
24,6,2125.08,4,5,5,455,Champions
22,1,110.46000000000001,4,1,1,411,Recent / New Customers
59,1,96.12,3,1,1,311,Recent / New Customers
170,2,693.8100000000001,2,3,3,233,Loyal Customers
68,2,830.76,3,3,3,333,Loyal Customers
157,2,597.09,2,3,3,233,Loyal Customers
2,73,280206.02,5,5,5,555,Champions
201,1,243.22,1,1,1,111,At Risk / Lost Customers
5,4,1417.29,5,4,4,544,Champions
67,2,654.6,3,3,3,333,Loyal Customers
77,1,114.18,2,1,1,211,At Risk / Lost Customers
1,7,1947.55,5,5,4,554,Champions
8,4,1932.23,5,4,4,544,Champions
169,2,291.05,2,3,2,232,Loyal Customers
18,4,848.22,4,4,3,443,Loyal Customers
5,2,247.15,5,3,1,531,About to Sleep
9,9,2529.93,5,5,5,555,Champions
87,2,285.74,2,3,2,232,Loyal Customers
27,1,107.95,4,1,1,411,Recent / New Customers
29,4,771.17,4,4,3,443,Loyal Customers
20,2,637.89,4,3,3,433,Loyal Customers
61,5,1835.7,3,4,4,344,Loyal Customers
24,1,195.25,4,1,1,411,Recent / New Customers
11,25,9241.2,5,5,5,555,Champions
242,3,1269.99,1,3,4,134,At Risk / Lost Customers
280,2,411.53,1,3,2,132,At Risk / Lost Customers
235,2,765.5500000000001,1,3,3,133,At Risk / Lost Customers
3,5,1736.4,5,4,4,544,Champions
16,1,604.75,4,1,3,413,About to Sleep
31,6,2548.2400000000002,4,5,5,455,Champions
25,16,28754.11,4,5,5,455,Champions
71,3,498.95,3,3,3,333,Loyal Customers
188,2,52.0,1,3,1,131,At Risk / Lost Customers
26,5,1236.28,4,4,4,444,Champions
107,1,628.38,2,1,3,213,At Risk / Lost Customers
8,21,5630.87,5,5,5,555,Champions
209,1,112.80000000000001,1,1,1,111,At Risk / Lost Customers
44,2,371.7,3,3,2,332,Loyal Customers
31,5,2114.33,4,4,5,445,Champions
137,4,591.55,2,4,3,243,Loyal Customers
265,1,172.9,1,1,1,111,At Risk / Lost Customers
4,7,2078.95,5,5,5,555,Champions
218,2,188.61,1,3,1,131,At Risk / Lost Customers
2,5,1250.76,5,4,4,544,Champions
214,1,109.13000000000001,1,1,1,111,At Risk / Lost Customers
32,3,2235.3,4,3,5,435,Loyal Customers
11,9,2549.37,5,5,5,555,Champions
1,17,3292.14,5,5,5,555,Champions
15,1,318.17,4,1,2,412,Recent / New Customers
11,9,1546.91,5,5,4,554,Champions
199,1,179.0,1,1,1,111,At Risk / Lost Customers
3,3,1126.3700000000001,5,3,4,534,Loyal Customers
15,13,4921.04,4,5,5,455,Champions
14,4,606.13,4,4,3,443,Loyal Customers
10,11,2868.8,5,5,5,555,Champions
29,3,917.07,4,3,3,433,Loyal Customers
9,11,2666.36,5,5,5,555,Champions
24,1,160.19,4,1,1,411,Recent / New Customers
25,4,867.38,4,4,3,443,Loyal Customers
43,2,329.68,3,3,2,332,Loyal Customers
2,5,1602.13,5,4,4,544,Champions
6,3,663.81,5,3,3,533,Loyal Customers
147,1,187.92,2,1,1,211,At Risk / Lost Customers
10,6,1158.3,5,5,4,554,Champions
25,1,718.08,4,1,3,413,About to Sleep
274,1,268.58,1,1,2,112,At Risk / Lost Customers
374,1,313.49,1,1,2,112,At Risk / Lost Customers
1,8,2005.06,5,5,4,554,Champions
47,3,380.02,3,3,2,332,Loyal Customers
8,8,2702.4900000000002,5,5,5,555,Champions
16,12,9585.91,4,5,5,455,Champions
4,32,6065.6900000000005,5,5,5,555,Champions
4,3,1164.55,5,3,4,534,Loyal Customers
43,7,1314.45,3,5,4,354,Loyal Customers
4,7,3902.28,5,5,5,555,Champions
197,3,1448.21,1,3,4,134,At Risk / Lost Customers
12,6,1400.3400000000001,5,5,4,554,Champions
16,7,1099.98,4,5,4,454,Champions
113,5,1220.26,2,4,4,244,Loyal Customers
249,1,328.2,1,1,2,112,At Risk / Lost Customers
29,5,1415.75,4,4,4,444,Champions
44,1,389.64000000000004,3,1,2,312,Recent / New Customers
87,1,563.15,2,1,3,213,At Risk / Lost Customers
45,2,638.05,3,3,3,333,Loyal Customers
10,11,5010.28,5,5,5,555,Champions
15,1,738.96,4,1,3,413,About to Sleep
75,1,420.5,2,1,2,212,At Risk / Lost Customers
145,4,1484.06,2,4,4,244,Loyal Customers
5,3,1625.97,5,3,4,534,Loyal Customers
297,1,89.2,1,1,1,111,At Risk / Lost Customers
59,2,255.9,3,3,2,332,Loyal Customers
264,1,300.52,1,1,2,112,At Risk / Lost Customers
47,1,278.3,3,1,2,312,Recent / New Customers
29,3,254.11,4,3,2,432,Loyal Customers
8,6,2473.37,5,5,5,555,Champions
17,2,192.60000000000002,4,3,1,431,About to Sleep
3,8,10674.75,5,5,5,555,Champions
232,2,876.4200000000001,1,3,3,133,At Risk / Lost Customers
112,1,139.26,2,1,1,211,At Risk / Lost Customers
58,3,1011.9,3,3,4,334,Loyal Customers
51,11,2538.2999999999997,3,5,5,355,Loyal Customers
127,2,730.86,2,3,3,233,Loyal Customers
281,3,386.15,1,3,2,132,At Risk / Lost Customers
55,2,447.68,3,3,2,332,Loyal Customers
320,1,200.10000000000002,1,1,1,111,At Risk / Lost Customers
26,2,289.99,4,3,2,432,Loyal Customers
10,2,77.4,5,3,1,531,About to Sleep
7,2,679.44,5,3,3,533,Loyal Customers
29,1,197.64,4,1,1,411,Recent / New Customers
17,4,745.06,4,4,3,443,Loyal Customers
64,1,6.2,3,1,1,311,Recent / New Customers
21,1,228.99,4,1,1,411,Recent / New Customers
3,7,1319.91,5,5,4,554,Champions
166,1,131.45000000000002,2,1,1,211,At Risk / Lost Customers
1,17,8022.49,5,5,5,555,Champions
53,3,173.74,3,3,1,331,About to Sleep
51,1,157.7,3,1,1,311,Recent / New Customers
48,12,4339.74,3,5,5,355,Loyal Customers
61,1,193.14,3,1,1,311,Recent / New Customers
162,3,845.5500000000001,2,3,3,233,Loyal Customers
9,1,353.27,5,1,2,512,Recent / New Customers
15,4,554.65,4,4,3,443,Loyal Customers
75,1,193.39000000000001,2,1,1,211,At Risk / Lost Customers
40,8,2741.17,3,5,5,355,Loyal Customers
41,11,2087.88,3,5,5,355,Loyal Customers
370,2,155.43,1,3,1,131,At Risk / Lost Customers
37,2,778.5,3,3,3,333,Loyal Customers
197,1,271.85,1,1,2,112,At Risk / Lost Customers
200,2,1110.34,1,3,4,134,At Risk / Lost Customers
74,3,657.8,2,3,3,233,Loyal Customers
64,2,272.07,3,3,2,332,Loyal Customers
21,4,507.29,4,4,3,443,Loyal Customers
367,1,48.800000000000004,1,1,1,111,At Risk / Lost Customers
180,3,321.43,1,3,2,132,At Risk / Lost Customers
10,4,1127.71,5,4,4,544,Champions
4,12,2226.9100000000003,5,5,5,555,Champions
197,3,2139.76,1,3,5,135,At Risk / Lost Customers
29,4,697.55,4,4,3,443,Loyal Customers
53,1,197.13,3,1,1,311,Recent / New Customers
18,6,1720.3,4,5,4,454,Champions
10,3,102.45,5,3,1,531,About to Sleep
90,4,1649.5,2,4,4,244,Loyal Customers
268,1,62.85,1,1,1,111,At Risk / Lost Customers
53,6,3295.76,3,5,5,355,Loyal Customers
44,4,2824.69,3,4,5,345,Loyal Customers
64,4,3189.81,3,4,5,345,Loyal Customers
149,1,309.40000000000003,2,1,2,212,At Risk / Lost Customers
22,25,7930.54,4,5,5,455,Champions
312,1,325.75,1,1,2,112,At Risk / Lost Customers
23,2,511.35,4,3,3,433,Loyal Customers
58,6,2836.69,3,5,5,355,Loyal Customers
24,2,475.8,4,3,2,432,Loyal Customers
78,7,2759.83,2,5,5,255,Loyal Customers
119,2,645.65,2,3,3,233,Loyal Customers
36,3,1311.38,3,3,4,334,Loyal Customers
60,2,1173.1200000000001,3,3,4,334,Loyal Customers
13,4,1353.74,5,4,4,544,Champions
19,1,170.32,4,1,1,411,Recent / New Customers
52,1,125.79,3,1,1,311,Recent / New Customers
26,2,841.2,4,3,3,433,Loyal Customers
29,1,266.76,4,1,2,412,Recent / New Customers
7,2,52.2,5,3,1,531,About to Sleep
11,12,14389.9,5,5,5,555,Champions
186,3,710.28,1,3,3,133,At Risk / Lost Customers
3,8,2953.59,5,5,5,555,Champions
9,2,725.7,5,3,3,533,Loyal Customers
262,1,327.25,1,1,2,112,At Risk / Lost Customers
3,4,522.38,5,4,3,543,Loyal Customers
210,1,519.68,1,1,3,113,At Risk / Lost Customers
108,2,1465.32,2,3,4,234,Loyal Customers
13,9,1485.54,5,5,4,554,Champions
77,3,706.19,2,3,3,233,Loyal Customers
20,1,255.4,4,1,2,412,Recent / New Customers
27,2,589.7,4,3,3,433,Loyal Customers
19,6,761.59,4,5,3,453,Loyal Customers
132,1,765.3199999999999,2,1,3,213,At Risk / Lost Customers
253,1,364.8,1,1,2,112,At Risk / Lost Customers
79,1,1862.0,2,1,4,214,At Risk / Lost Customers
207,1,369.2,1,1,2,112,At Risk / Lost Customers
336,1,135.9,1,1,1,111,At Risk / Lost Customers
254,1,125.65,1,1,1,111,At Risk / Lost Customers
148,2,554.38,2,3,3,233,Loyal Customers
10,2,1237.8500000000001,5,3,4,534,Loyal Customers
85,1,655.75,2,1,3,213,At Risk / Lost Customers
8,20,11138.710000000001,5,5,5,555,Champions
205,2,468.77000000000004,1,3,2,132,At Risk / Lost Customers
8,4,1366.38,5,4,4,544,Champions
23,6,1303.52,4,5,4,454,Champions
11,9,1421.29,5,5,4,554,Champions
26,1,332.66,4,1,2,412,Recent / New Customers
21,5,2810.63,4,4,5,445,Champions
2,2,1025.44,5,3,4,534,Loyal Customers
158,2,616.15,2,3,3,233,Loyal Customers
3,7,3501.1,5,5,5,555,Champions
74,1,277.8,2,1,2,212,At Risk / Lost Customers
3,4,434.35,5,4,2,542,Loyal Customers
1,201,143825.06,5,5,5,555,Champions
17,2,867.85,4,3,3,433,Loyal Customers
36,4,1227.43,3,4,4,344,Loyal Customers
91,2,307.48,2,3,2,232,Loyal Customers
71,4,1268.98,3,4,4,344,Loyal Customers
116,2,1610.15,2,3,4,234,Loyal Customers
213,2,977.77,1,3,4,134,At Risk / Lost Customers
30,2,1316.07,4,3,4,434,Loyal Customers
51,1,749.1,3,1,3,313,About to Sleep
246,1,310.05,1,1,2,112,At Risk / Lost Customers
32,1,223.88,4,1,1,411,Recent / New Customers
109,3,2372.86,2,3,5,235,Loyal Customers
5,5,1257.68,5,4,4,544,Champions
366,1,363.53,1,1,2,112,At Risk / Lost Customers
82,2,1890.94,2,3,4,234,Loyal Customers
297,1,1784.71,1,1,4,114,At Risk / Lost Customers
34,8,8137.02,3,5,5,355,Loyal Customers
57,3,1621.88,3,3,4,334,Loyal Customers
30,12,5900.25,4,5,5,455,Champions
14,1,100.9,4,1,1,411,Recent / New Customers
72,2,290.82,3,3,2,332,Loyal Customers
23,6,1101.97,4,5,4,454,Champions
19,1,371.2,4,1,2,412,Recent / New Customers
79,1,311.69,2,1,2,212,At Risk / Lost Customers
60,11,8099.49,3,5,5,355,Loyal Customers
25,1,289.82,4,1,2,412,Recent / New Customers
12,1,336.17,5,1,2,512,Recent / New Customers
253,1,58.49,1,1,1,111,At Risk / Lost Customers
147,3,499.68,2,3,3,233,Loyal Customers
64,4,695.42,3,4,3,343,Loyal Customers
8,2,221.27,5,3,1,531,About to Sleep
11,9,7044.68,5,5,5,555,Champions
271,1,126.7,1,1,1,111,At Risk / Lost Customers
10,5,1487.8,5,4,4,544,Champions
247,1,206.21,1,1,1,111,At Risk / Lost Customers
96,2,599.0,2,3,3,233,Loyal Customers
15,1,191.32,4,1,1,411,Recent / New Customers
50,1,463.8,3,1,2,312,Recent / New Customers
30,1,147.59,4,1,1,411,Recent / New Customers
68,4,1592.06,3,4,4,344,Loyal Customers
35,3,1116.57,3,3,4,334,Loyal Customers
128,1,114.77,2,1,1,211,At Risk / Lost Customers
107,3,1314.45,2,3,4,234,Loyal Customers
37,1,114.39,3,1,1,311,Recent / New Customers
57,1,279.94,3,1,2,312,Recent / New Customers
57,7,790.86,3,5,3,353,Loyal Customers
72,5,1931.42,3,4,4,344,Loyal Customers
246,1,102.12,1,1,1,111,At Risk / Lost Customers
19,2,213.27,4,3,1,431,About to Sleep
198,2,296.75,1,3,2,132,At Risk / Lost Customers
16,2,326.4,4,3,2,432,Loyal Customers
212,1,334.54,1,1,2,112,At Risk / Lost Customers
39,2,233.23000000000002,3,3,1,331,About to Sleep
46,3,546.1999999999999,3,3,3,333,Loyal Customers
170,2,429.87,2,3,2,232,Loyal Customers
48,1,490.52,3,1,3,313,About to Sleep
116,4,1641.76,2,4,4,244,Loyal Customers
147,1,1246.32,2,1,4,214,At Risk / Lost Customers
16,28,6316.57,4,5,5,455,Champions
51,1,502.09,3,1,3,313,About to Sleep
159,1,156.91,2,1,1,211,At Risk / Lost Customers
12,3,1261.78,5,3,4,534,Loyal Customers
36,1,308.94,3,1,2,312,Recent / New Customers
54,2,423.04,3,3,2,332,Loyal Customers
43,2,260.17,3,3,2,332,Loyal Customers
173,1,170.04,2,1,1,211,At Risk / Lost Customers
34,1,125.58,3,1,1,311,Recent / New Customers
39,3,496.21,3,3,3,333,Loyal Customers
267,1,266.0,1,1,2,112,At Risk / Lost Customers
9,9,1914.82,5,5,4,554,Champions
12,4,905.04,5,4,3,543,Loyal Customers
3,11,6802.76,5,5,5,555,Champions
10,10,1661.33,5,5,4,554,Champions
33,1,377.01,4,1,2,412,Recent / New Customers
80,3,469.0,2,3,2,232,Loyal Customers
31,4,1066.15,4,4,4,444,Champions
8,4,627.13,5,4,3,543,Loyal Customers
72,2,518.28,3,3,3,333,Loyal Customers
4,4,668.14,5,4,3,543,Loyal Customers
256,3,4959.1,1,3,5,135,At Risk / Lost Customers
5,10,2586.67,5,5,5,555,Champions
16,8,4308.61,4,5,5,455,Champions
90,1,252.73000000000002,2,1,2,212,At Risk / Lost Customers
72,3,465.55,3,3,2,332,Loyal Customers
59,6,705.49,3,5,3,353,Loyal Customers
10,47,19914.44,5,5,5,555,Champions
170,1,180.35,2,1,1,211,At Risk / Lost Customers
199,1,135.93,1,1,1,111,At Risk / Lost Customers
31,1,537.0,4,1,3,413,About to Sleep
19,17,7700.2300000000005,4,5,5,455,Champions
152,2,735.66,2,3,3,233,Loyal Customers
9,15,5213.7699999999995,5,5,5,555,Champions
270,1,343.62,1,1,2,112,At Risk / Lost Customers
65,4,384.05,3,4,2,342,Loyal Customers
274,1,121.17000000000002,1,1,1,111,At Risk / Lost Customers
25,3,1782.09,4,3,4,434,Loyal Customers
23,3,1391.61,4,3,4,434,Loyal Customers
319,1,215.78,1,1,1,111,At Risk / Lost Customers
5,3,697.79,5,3,3,533,Loyal Customers
12,2,302.1,5,3,2,532,Loyal Customers
275,2,1489.5,1,3,4,134,At Risk / Lost Customers
25,11,2124.99,4,5,5,455,Champions
41,9,1337.72,3,5,4,354,Loyal Customers
8,4,303.09000000000003,5,4,2,542,Loyal Customers
4,48,54534.14,5,5,5,555,Champions
71,4,987.86,3,4,4,344,Loyal Customers
213,1,370.79999999999995,1,1,2,112,At Risk / Lost Customers
38,4,3158.13,3,4,5,345,Loyal Customers
53,1,893.59,3,1,3,313,About to Sleep
78,3,1744.76,2,3,4,234,Loyal Customers
46,2,553.36,3,3,3,333,Loyal Customers
179,1,1109.53,2,1,4,214,At Risk / Lost Customers
373,1,106.2,1,1,1,111,At Risk / Lost Customers
94,2,982.07,2,3,4,234,Loyal Customers
10,3,1043.41,5,3,4,534,Loyal Customers
105,1,748.87,2,1,3,213,At Risk / Lost Customers
78,1,773.03,2,1,3,213,At Risk / Lost Customers
173,1,880.85,2,1,3,213,At Risk / Lost Customers
7,32,9743.11,5,5,5,555,Champions
213,4,895.61,1,4,3,143,At Risk / Lost Customers
22,5,504.8,4,4,3,443,Loyal Customers
257,1,88.2,1,1,1,111,At Risk / Lost Customers
282,1,306.94,1,1,2,112,At Risk / Lost Customers
21,2,1160.07,4,3,4,434,Loyal Customers
10,6,2420.84,5,5,5,555,Champions
308,1,381.32,1,1,2,112,At Risk / Lost Customers
68,1,480.71,3,1,2,312,Recent / New Customers
215,2,457.81,1,3,2,132,At Risk / Lost Customers
18,6,4597.02,4,5,5,455,Champions
104,4,1370.6000000000001,2,4,4,244,Loyal Customers
43,1,219.39000000000001,3,1,1,311,Recent / New Customers
4,1,248.08,5,1,1,511,Recent / New Customers
182,3,39916.5,1,3,5,135,At Risk / Lost Customers
84,1,410.48,2,1,2,212,At Risk / Lost Customers
334,3,876.0,1,3,3,133,At Risk / Lost Customers
9,2,317.53000000000003,5,3,2,532,Loyal Customers
31,2,703.36,4,3,3,433,Loyal Customers
197,2,1027.44,1,3,4,134,At Risk / Lost Customers
18,7,2298.93,4,5,5,455,Champions
18,5,1422.52,4,4,4,444,Champions
311,6,319.5,1,5,2,152,At Risk / Lost Customers
142,4,1300.25,2,4,4,244,Loyal Customers
246,1,484.95,1,1,2,112,At Risk / Lost Customers
24,4,996.1,4,4,4,444,Champions
29,3,1567.48,4,3,4,434,Loyal Customers
10,3,3609.33,5,3,5,535,Loyal Customers
30,10,2760.56,4,5,5,455,Champions
18,1,340.11,4,1,2,412,Recent / New Customers
18,4,1352.75,4,4,4,444,Champions
15,5,1551.78,4,4,4,444,Champions
134,1,244.8,2,1,1,211,At Risk / Lost Customers
246,1,266.4,1,1,2,112,At Risk / Lost Customers
134,1,358.82,2,1,2,212,At Risk / Lost Customers
50,2,457.72,3,3,2,332,Loyal Customers
114,3,1633.78,2,3,4,234,Loyal Customers
7,2,2199.31,5,3,5,535,Loyal Customers
23,2,184.19,4,3,1,431,About to Sleep
25,15,11528.48,4,5,5,455,Champions
66,1,406.53000000000003,3,1,2,312,Recent / New Customers
60,4,1471.0,3,4,4,344,Loyal Customers
50,11,3447.4,3,5,5,355,Loyal Customers
170,1,330.11,2,1,2,212,At Risk / Lost Customers
18,5,977.9300000000001,4,4,4,444,Champions
128,3,982.42,2,3,4,234,Loyal Customers
15,8,1387.99,4,5,4,454,Champions
239,1,139.05,1,1,1,111,At Risk / Lost Customers
3,4,1286.7,5,4,4,544,Champions
240,2,178.96,1,3,1,131,At Risk / Lost Customers
52,7,2354.25,3,5,5,355,Loyal Customers
46,1,498.74,3,1,3,313,About to Sleep
226,1,259.45,1,1,2,112,At Risk / Lost Customers
8,17,6580.4400000000005,5,5,5,555,Champions
4,4,1194.73,5,4,4,544,Champions
165,2,1327.16,2,3,4,234,Loyal Customers
240,1,623.5,1,1,3,113,At Risk / Lost Customers
11,1,301.29,5,1,2,512,Recent / New Customers
134,1,520.8000000000001,2,1,3,213,At Risk / Lost Customers
17,10,5314.47,4,5,5,455,Champions
10,13,4745.69,5,5,5,555,Champions
31,1,329.25,4,1,2,412,Recent / New Customers
75,1,296.42,2,1,2,212,At Risk / Lost Customers
1,3,961.49,5,3,4,534,Loyal Customers
4,3,1936.07,5,3,4,534,Loyal Customers
45,1,401.40000000000003,3,1,2,312,Recent / New Customers
2,30,18641.010000000002,5,5,5,555,Champions
357,1,158.16,1,1,1,111,At Risk / Lost Customers
18,2,304.47,4,3,2,432,Loyal Customers
69,3,843.05,3,3,3,333,Loyal Customers
373,1,487.75,1,1,2,112,At Risk / Lost Customers
321,1,163.0,1,1,1,111,At Risk / Lost Customers
26,1,106.56,4,1,1,411,Recent / New Customers
331,1,1289.5,1,1,4,114,At Risk / Lost Customers
9,5,1624.05,5,4,4,544,Champions
323,1,135.75,1,1,1,111,At Risk / Lost Customers
72,1,224.14,3,1,1,311,Recent / New Customers
260,1,40.5,1,1,1,111,At Risk / Lost Customers
18,5,2206.9500000000003,4,4,5,445,Champions
367,1,87.5,1,1,1,111,At Risk / Lost Customers
66,3,689.48,3,3,3,333,Loyal Customers
154,2,622.85,2,3,3,233,Loyal Customers
29,2,406.76,4,3,2,432,Loyal Customers
70,1,310.62,3,1,2,312,Recent / New Customers
14,2,411.41,4,3,2,432,Loyal Customers
2,16,4777.18,5,5,5,555,Champions
1,41,16225.39,5,5,5,555,Champions
120,3,1044.32,2,3,4,234,Loyal Customers
61,1,499.32,3,1,3,313,About to Sleep
3,15,7616.53,5,5,5,555,Champions
3,1,3861.0,5,1,5,515,About to Sleep
11,3,1079.61,5,3,4,534,Loyal Customers
92,2,193.64,2,3,1,231,At Risk / Lost Customers
59,4,1268.7,3,4,4,344,Loyal Customers
87,5,1236.54,2,4,4,244,Loyal Customers
26,6,1827.8,4,5,4,454,Champions
357,1,316.58,1,1,2,112,At Risk / Lost Customers
85,2,653.24,2,3,3,233,Loyal Customers
10,4,420.3,5,4,2,542,Loyal Customers
1,5,870.12,5,4,3,543,Loyal Customers
225,1,331.18,1,1,2,112,At Risk / Lost Customers
60,2,894.4100000000001,3,3,3,333,Loyal Customers
241,1,101.8,1,1,1,111,At Risk / Lost Customers
319,2,328.35,1,3,2,132,At Risk / Lost Customers
2,8,1661.44,5,5,4,554,Champions
47,3,734.94,3,3,3,333,Loyal Customers
88,1,96.6,2,1,1,211,At Risk / Lost Customers
11,11,5756.89,5,5,5,555,Champions
176,1,305.75,2,1,2,212,At Risk / Lost Customers
52,6,1778.96,3,5,4,354,Loyal Customers
366,1,403.25,1,1,2,112,At Risk / Lost Customers
319,1,585.0,1,1,3,113,At Risk / Lost Customers
226,2,755.75,1,3,3,133,At Risk / Lost Customers
358,2,322.08,1,3,2,132,At Risk / Lost Customers
234,1,409.40000000000003,1,1,2,112,At Risk / Lost Customers
311,1,154.41,1,1,1,111,At Risk / Lost Customers
37,5,1219.4,3,4,4,344,Loyal Customers
66,4,3386.71,3,4,5,345,Loyal Customers
239,2,429.6,1,3,2,132,At Risk / Lost Customers
113,2,612.06,2,3,3,233,Loyal Customers
277,1,197.0,1,1,1,111,At Risk / Lost Customers
218,12,2247.51,1,5,5,155,At Risk / Lost Customers
299,1,321.05,1,1,2,112,At Risk / Lost Customers
2,4,1412.32,5,4,4,544,Champions
29,3,1071.99,4,3,4,434,Loyal Customers
10,2,780.59,5,3,3,533,Loyal Customers
45,5,1706.57,3,4,4,344,Loyal Customers
67,8,1756.44,3,5,4,354,Loyal Customers
74,1,316.68,2,1,2,212,At Risk / Lost Customers
65,2,631.57,3,3,3,333,Loyal Customers
134,3,2515.84,2,3,5,235,Loyal Customers
238,2,514.15,1,3,3,133,At Risk / Lost Customers
122,1,356.0,2,1,2,212,At Risk / Lost Customers
32,13,6688.46,4,5,5,455,Champions
9,11,10484.99,5,5,5,555,Champions
36,2,740.78,3,3,3,333,Loyal Customers
16,5,918.2,4,4,3,443,Loyal Customers
127,1,300.36,2,1,2,212,At Risk / Lost Customers
67,1,890.85,3,1,3,313,About to Sleep
149,1,98.45,2,1,1,211,At Risk / Lost Customers
283,1,317.15,1,1,2,112,At Risk / Lost Customers
169,2,623.16,2,3,3,233,Loyal Customers
100,7,1810.77,2,5,4,254,Loyal Customers
135,1,254.82,2,1,2,212,At Risk / Lost Customers
324,1,178.95000000000002,1,1,1,111,At Risk / Lost Customers
107,1,156.51,2,1,1,211,At Risk / Lost Customers
64,1,393.74,3,1,2,312,Recent / New Customers
151,2,1506.1200000000001,2,3,4,234,Loyal Customers
338,1,119.3,1,1,1,111,At Risk / Lost Customers
22,5,1717.36,4,4,4,444,Champions
24,1,408.8,4,1,2,412,Recent / New Customers
16,7,2379.49,4,5,5,455,Champions
7,15,2507.07,5,5,5,555,Champions
57,2,721.94,3,3,3,333,Loyal Customers
4,2,716.57,5,3,3,533,Loyal Customers
38,1,615.14,3,1,3,313,About to Sleep
66,1,135.31,3,1,1,311,Recent / New Customers
47,1,255.89999999999998,3,1,2,312,Recent / New Customers
355,1,290.51,1,1,2,112,At Risk / Lost Customers
172,1,113.12,2,1,1,211,At Risk / Lost Customers
59,9,2332.15,3,5,5,355,Loyal Customers
50,1,240.55,3,1,1,311,Recent / New Customers
22,2,486.69,4,3,2,432,Loyal Customers
43,5,2306.52,3,4,5,345,Loyal Customers
29,3,939.78,4,3,3,433,Loyal Customers
5,18,7943.22,5,5,5,555,Champions
26,15,4668.3,4,5,5,455,Champions
201,1,180.94,1,1,1,111,At Risk / Lost Customers
51,6,3672.86,3,5,5,355,Loyal Customers
10,3,641.94,5,3,3,533,Loyal Customers
2,12,4799.9,5,5,5,555,Champions
67,7,4507.01,3,5,5,355,Loyal Customers
64,1,496.44,3,1,3,313,About to Sleep
51,12,5070.35,3,5,5,355,Loyal Customers
290,1,574.02,1,1,3,113,At Risk / Lost Customers
61,8,694.4,3,5,3,353,Loyal Customers
64,3,1174.3500000000001,3,3,4,334,Loyal Customers
96,1,205.3,2,1,1,211,At Risk / Lost Customers
274,1,310.47,1,1,2,112,At Risk / Lost Customers
1,91,60767.9,5,5,5,555,Champions
75,4,924.85,2,4,3,243,Loyal Customers
110,1,52.0,2,1,1,211,At Risk / Lost Customers
199,1,327.97,1,1,2,112,At Risk / Lost Customers
64,2,570.5,3,3,3,333,Loyal Customers
327,1,165.0,1,1,1,111,At Risk / Lost Customers
4,1,312.62,5,1,2,512,Recent / New Customers
284,1,204.5,1,1,1,111,At Risk / Lost Customers
44,1,267.13,3,1,2,312,Recent / New Customers
71,3,2748.31,3,3,5,335,Loyal Customers
86,1,679.68,2,1,3,213,At Risk / Lost Customers
104,1,162.29,2,1,1,211,At Risk / Lost Customers
334,1,311.71,1,1,2,112,At Risk / Lost Customers
53,1,208.75,3,1,1,311,Recent / New Customers
39,3,1049.7,3,3,4,334,Loyal Customers
32,2,714.9599999999999,4,3,3,433,Loyal Customers
366,4,1661.06,1,4,4,144,At Risk / Lost Customers
208,1,1028.56,1,1,4,114,At Risk / Lost Customers
157,3,351.67,2,3,2,232,Loyal Customers
54,1,173.97,3,1,1,311,Recent / New Customers
66,2,574.07,3,3,3,333,Loyal Customers
81,1,2020.52,2,1,4,214,At Risk / Lost Customers
130,1,406.09000000000003,2,1,2,212,At Risk / Lost Customers
87,1,364.5,2,1,2,212,At Risk / Lost Customers
1,3,563.94,5,3,3,533,Loyal Customers
46,1,393.54,3,1,2,312,Recent / New Customers
333,1,252.42000000000002,1,1,2,112,At Risk / Lost Customers
366,1,201.60000000000002,1,1,1,111,At Risk / Lost Customers
72,1,158.04,3,1,1,311,Recent / New Customers
158,2,473.81,2,3,2,232,Loyal Customers
373,1,115.65,1,1,1,111,At Risk / Lost Customers
12,7,1960.11,5,5,4,554,Champions
255,2,777.02,1,3,3,133,At Risk / Lost Customers
29,2,277.05,4,3,2,432,Loyal Customers
31,10,2766.5,4,5,5,455,Champions
5,22,8347.2,5,5,5,555,Champions
40,1,427.93,3,1,2,312,Recent / New Customers
362,1,418.92,1,1,2,112,At Risk / Lost Customers
373,1,326.0,1,1,2,112,At Risk / Lost Customers
96,2,913.19,2,3,3,233,Loyal Customers
26,7,2314.32,4,5,5,455,Champions
75,2,602.51,2,3,3,233,Loyal Customers
57,4,1877.5900000000001,3,4,4,344,Loyal Customers
21,1,446.94000000000005,4,1,2,412,Recent / New Customers
41,7,2386.05,3,5,5,355,Loyal Customers
137,1,2007.4,2,1,4,214,At Risk / Lost Customers
8,12,2415.91,5,5,5,555,Champions
129,1,168.0,2,1,1,211,At Risk / Lost Customers
40,3,1233.3600000000001,3,3,4,334,Loyal Customers
169,7,3703.29,2,5,5,255,Loyal Customers
9,5,1690.26,5,4,4,544,Champions
214,2,596.85,1,3,3,133,At Risk / Lost Customers
15,6,5955.71,4,5,5,455,Champions
170,2,642.41,2,3,3,233,Loyal Customers
40,1,316.88,3,1,2,312,Recent / New Customers
186,1,394.14,1,1,2,112,At Risk / Lost Customers
270,1,140.54,1,1,1,111,At Risk / Lost Customers
172,1,500.0,2,1,3,213,At Risk / Lost Customers
5,4,1535.53,5,4,4,544,Champions
16,2,231.86,4,3,1,431,About to Sleep
10,4,2183.54,5,4,5,545,Champions
326,1,107.45,1,1,1,111,At Risk / Lost Customers
113,1,288.18,2,1,2,212,At Risk / Lost Customers
290,1,94.0,1,1,1,111,At Risk / Lost Customers
16,2,1345.53,4,3,4,434,Loyal Customers
1,3,815.77,5,3,3,533,Loyal Customers
92,5,716.2,2,4,3,243,Loyal Customers
149,2,626.77,2,3,3,233,Loyal Customers
189,1,349.1,1,1,2,112,At Risk / Lost Customers
31,2,510.71000000000004,4,3,3,433,Loyal Customers
34,4,1056.44,3,4,4,344,Loyal Customers
264,1,267.18,1,1,2,112,At Risk / Lost Customers
84,8,3450.84,2,5,5,255,Loyal Customers
26,4,1358.88,4,4,4,444,Champions
171,1,190.53,2,1,1,211,At Risk / Lost Customers
10,3,774.9000000000001,5,3,3,533,Loyal Customers
313,1,572.8100000000001,1,1,3,113,At Risk / Lost Customers
65,4,3984.32,3,4,5,345,Loyal Customers
85,1,508.8,2,1,3,213,At Risk / Lost Customers
25,1,135.86,4,1,1,411,Recent / New Customers
59,4,950.36,3,4,4,344,Loyal Customers
323,2,97.7,1,3,1,131,At Risk / Lost Customers
38,1,43.5,3,1,1,311,Recent / New Customers
254,2,383.34,1,3,2,132,At Risk / Lost Customers
19,5,1447.39,4,4,4,444,Champions
33,3,1483.14,4,3,4,434,Loyal Customers
15,1,93.78,4,1,1,411,Recent / New Customers
27,2,397.35,4,3,2,432,Loyal Customers
23,1,171.19000000000003,4,1,1,411,Recent / New Customers
214,2,533.3,1,3,3,133,At Risk / Lost Customers
8,5,1041.48,5,4,4,544,Champions
22,1,149.29,4,1,1,411,Recent / New Customers
12,3,1122.53,5,3,4,534,Loyal Customers
262,1,200.16,1,1,1,111,At Risk / Lost Customers
131,1,156.57999999999998,2,1,1,211,At Risk / Lost Customers
55,3,383.68,3,3,2,332,Loyal Customers
249,1,594.0,1,1,3,113,At Risk / Lost Customers
2,7,3236.91,5,5,5,555,Champions
9,2,1418.26,5,3,4,534,Loyal Customers
264,1,113.5,1,1,1,111,At Risk / Lost Customers
331,1,155.17000000000002,1,1,1,111,At Risk / Lost Customers
313,1,494.64,1,1,3,113,At Risk / Lost Customers
26,3,974.52,4,3,4,434,Loyal Customers
30,1,429.84,4,1,2,412,Recent / New Customers
30,3,538.73,4,3,3,433,Loyal Customers
2,7,1388.37,5,5,4,554,Champions
362,1,179.1,1,1,1,111,At Risk / Lost Customers
283,3,447.22,1,3,2,132,At Risk / Lost Customers
262,1,237.07,1,1,1,111,At Risk / Lost Customers
25,1,161.64,4,1,1,411,Recent / New Customers
354,1,216.76,1,1,1,111,At Risk / Lost Customers
94,3,234.6,2,3,1,231,At Risk / Lost Customers
29,1,126.14,4,1,1,411,Recent / New Customers
338,1,1048.85,1,1,4,114,At Risk / Lost Customers
20,18,7354.62,4,5,5,455,Champions
85,1,334.53,2,1,2,212,At Risk / Lost Customers
9,3,524.88,5,3,3,533,Loyal Customers
51,2,467.51,3,3,2,332,Loyal Customers
50,2,538.55,3,3,3,333,Loyal Customers
2,1,469.48,5,1,2,512,Recent / New Customers
113,1,371.56,2,1,2,212,At Risk / Lost Customers
14,7,1771.2,4,5,4,454,Champions
77,1,454.11,2,1,2,212,At Risk / Lost Customers
40,2,1441.42,3,3,4,334,Loyal Customers
116,1,905.5,2,1,3,213,At Risk / Lost Customers
16,12,11054.96,4,5,5,455,Champions
161,4,233.81,2,4,1,241,At Risk / Lost Customers
1,4,3594.31,5,4,5,545,Champions
30,3,2575.0,4,3,5,435,Loyal Customers
93,1,91.32000000000001,2,1,1,211,At Risk / Lost Customers
23,3,1134.28,4,3,4,434,Loyal Customers
95,6,3100.09,2,5,5,255,Loyal Customers
28,2,659.46,4,3,3,433,Loyal Customers
33,5,2001.8,4,4,4,444,Champions
21,2,1299.23,4,3,4,434,Loyal Customers
18,2,1262.2,4,3,4,434,Loyal Customers
3,27,13316.4,5,5,5,555,Champions
8,4,1131.56,5,4,4,544,Champions
16,12,10384.93,4,5,5,455,Champions
363,1,147.09,1,1,1,111,At Risk / Lost Customers
81,1,52.83,2,1,1,211,At Risk / Lost Customers
53,5,3610.96,3,4,5,345,Loyal Customers
23,3,979.26,4,3,4,434,Loyal Customers
172,1,492.36,2,1,3,213,At Risk / Lost Customers
189,6,1000.27,1,5,4,154,At Risk / Lost Customers
331,1,250.0,1,1,1,111,At Risk / Lost Customers
12,5,909.23,5,4,3,543,Loyal Customers
156,2,121.0,2,3,1,231,At Risk / Lost Customers
33,19,14758.22,4,5,5,455,Champions
12,11,4139.46,5,5,5,555,Champions
45,3,62.43,3,3,1,331,About to Sleep
233,1,267.03,1,1,2,112,At Risk / Lost Customers
64,8,1942.45,3,5,4,354,Loyal Customers
2,1,343.5,5,1,2,512,Recent / New Customers
40,8,3000.2,3,5,5,355,Loyal Customers
33,2,398.84,4,3,2,432,Loyal Customers
84,1,412.01000000000005,2,1,2,212,At Risk / Lost Customers
25,1,440.0,4,1,2,412,Recent / New Customers
2,3,825.92,5,3,3,533,Loyal Customers
33,2,148.44,4,3,1,431,About to Sleep
19,8,2429.78,4,5,5,455,Champions
254,1,229.33,1,1,1,111,At Risk / Lost Customers
23,11,3995.23,4,5,5,455,Champions
22,4,1502.3500000000001,4,4,4,444,Champions
8,2,2007.44,5,3,4,534,Loyal Customers
25,4,1580.93,4,4,4,444,Champions
19,3,807.57,4,3,3,433,Loyal Customers
173,4,536.4,2,4,3,243,Loyal Customers
163,1,110.92,2,1,1,211,At Risk / Lost Customers
7,1,538.46,5,1,3,513,About to Sleep
11,1,213.3,5,1,1,511,Recent / New Customers
114,1,85.13000000000001,2,1,1,211,At Risk / Lost Customers
288,1,127.86,1,1,1,111,At Risk / Lost Customers
9,9,3546.71,5,5,5,555,Champions
54,2,292.71999999999997,3,3,2,332,Loyal Customers
7,14,4954.84,5,5,5,555,Champions
77,3,1693.26,2,3,4,234,Loyal Customers
4,4,575.63,5,4,3,543,Loyal Customers
37,1,436.06,3,1,2,312,Recent / New Customers
217,1,90.12,1,1,1,111,At Risk / Lost Customers
60,1,437.23,3,1,2,312,Recent / New Customers
278,1,217.2,1,1,1,111,At Risk / Lost Customers
12,16,4805.17,5,5,5,555,Champions
24,1,279.77,4,1,2,412,Recent / New Customers
29,1,473.65000000000003,4,1,2,412,Recent / New Customers
12,4,800.5899999999999,5,4,3,543,Loyal Customers
352,1,134.55,1,1,1,111,At Risk / Lost Customers
22,4,1400.44,4,4,4,444,Champions
50,2,173.16000000000003,3,3,1,331,About to Sleep
19,1,186.01,4,1,1,411,Recent / New Customers
3,3,758.29,5,3,3,533,Loyal Customers
104,5,1375.71,2,4,4,244,Loyal Customers
7,12,4165.52,5,5,5,555,Champions
12,4,650.4300000000001,5,4,3,543,Loyal Customers
5,7,2552.86,5,5,5,555,Champions
32,2,607.45,4,3,3,433,Loyal Customers
178,4,702.25,2,4,3,243,Loyal Customers
38,1,940.67,3,1,3,313,About to Sleep
151,3,258.88,2,3,2,232,Loyal Customers
162,1,127.1,2,1,1,211,At Risk / Lost Customers
69,2,348.6,3,3,2,332,Loyal Customers
121,13,3679.9700000000003,2,5,5,255,Loyal Customers
25,3,682.9100000000001,4,3,3,433,Loyal Customers
24,4,725.11,4,4,3,443,Loyal Customers
177,1,455.3,2,1,2,212,At Risk / Lost Customers
50,4,913.68,3,4,3,343,Loyal Customers
256,3,478.53,1,3,2,132,At Risk / Lost Customers
47,1,388.58,3,1,2,312,Recent / New Customers
71,1,199.8,3,1,1,311,Recent / New Customers
16,5,1771.78,4,4,4,444,Champions
101,5,1406.59,2,4,4,244,Loyal Customers
35,1,324.57,3,1,2,312,Recent / New Customers
53,1,240.68,3,1,1,311,Recent / New Customers
27,2,761.74,4,3,3,433,Loyal Customers
11,14,6776.56,5,5,5,555,Champions
8,9,1297.8700000000001,5,5,4,554,Champions
79,1,48.480000000000004,2,1,1,211,At Risk / Lost Customers
52,1,216.39000000000001,3,1,1,311,Recent / New Customers
36,5,1198.23,3,4,4,344,Loyal Customers
61,9,2920.16,3,5,5,355,Loyal Customers
337,1,104.76,1,1,1,111,At Risk / Lost Customers
28,4,1093.68,4,4,4,444,Champions
184,1,298.48,1,1,2,112,At Risk / Lost Customers
52,1,112.46000000000001,3,1,1,311,Recent / New Customers
10,13,1591.45,5,5,4,554,Champions
36,2,195.15,3,3,1,331,About to Sleep
10,23,10399.74,5,5,5,555,Champions
33,4,776.851,4,4,3,443,Loyal Customers
11,1,336.4,5,1,2,512,Recent / New Customers
57,3,1553.18,3,3,4,334,Loyal Customers
4,4,1293.03,5,4,4,544,Champions
43,9,3709.56,3,5,5,355,Loyal Customers
141,1,301.03000000000003,2,1,2,212,At Risk / Lost Customers
117,4,588.13,2,4,3,243,Loyal Customers
104,4,1534.26,2,4,4,244,Loyal Customers
75,2,675.8,2,3,3,233,Loyal Customers
5,9,2870.2400000000002,5,5,5,555,Champions
45,2,1186.35,3,3,4,334,Loyal Customers
16,8,3285.31,4,5,5,455,Champions
17,1,243.55,4,1,1,411,Recent / New Customers
90,2,724.76,2,3,3,233,Loyal Customers
53,1,223.36,3,1,1,311,Recent / New Customers
134,1,425.32,2,1,2,212,At Risk / Lost Customers
4,15,12515.66,5,5,5,555,Champions
105,4,1887.2,2,4,4,244,Loyal Customers
192,3,664.0,1,3,3,133,At Risk / Lost Customers
166,4,813.0,2,4,3,243,Loyal Customers
19,1,612.01,4,1,3,413,About to Sleep
158,3,447.64000000000004,2,3,2,232,Loyal Customers
204,2,657.35,1,3,3,133,At Risk / Lost Customers
336,2,816.0,1,3,3,133,At Risk / Lost Customers
37,3,646.3,3,3,3,333,Loyal Customers
91,1,337.74,2,1,2,212,At Risk / Lost Customers
93,2,877.44,2,3,3,233,Loyal Customers
9,2,922.53,5,3,3,533,Loyal Customers
243,1,560.6700000000001,1,1,3,113,At Risk / Lost Customers
45,4,748.5,3,4,3,343,Loyal Customers
23,1,30.0,4,1,1,411,Recent / New Customers
190,5,1024.1000000000001,1,4,4,144,At Risk / Lost Customers
44,1,306.45,3,1,2,312,Recent / New Customers
25,9,1600.86,4,5,4,454,Champions
317,2,309.8,1,3,2,132,At Risk / Lost Customers
106,1,138.14,2,1,1,211,At Risk / Lost Customers
51,1,386.43,3,1,2,312,Recent / New Customers
168,2,2242.01,2,3,5,235,Loyal Customers
40,1,301.32000000000005,3,1,2,312,Recent / New Customers
218,1,76.32000000000001,1,1,1,111,At Risk / Lost Customers
40,4,684.34,3,4,3,343,Loyal Customers
297,1,173.05,1,1,1,111,At Risk / Lost Customers
19,7,2657.13,4,5,5,455,Champions
88,4,2881.02,2,4,5,245,Loyal Customers
73,5,2446.6,2,4,5,245,Loyal Customers
81,3,323.69,2,3,2,232,Loyal Customers
19,3,3435.76,4,3,5,435,Loyal Customers
49,1,657.23,3,1,3,313,About to Sleep
53,1,352.7,3,1,2,312,Recent / New Customers
24,4,781.28,4,4,3,443,Loyal Customers
9,3,1333.68,5,3,4,534,Loyal Customers
25,5,1426.16,4,4,4,444,Champions
117,1,193.75,2,1,1,211,At Risk / Lost Customers
9,9,2993.1,5,5,5,555,Champions
120,2,254.1,2,3,2,232,Loyal Customers
4,2,239.76,5,3,1,531,About to Sleep
252,1,136.8,1,1,1,111,At Risk / Lost Customers
28,1,191.04,4,1,1,411,Recent / New Customers
1,14,6479.4,5,5,5,555,Champions
267,2,409.98,1,3,2,132,At Risk / Lost Customers
33,8,2736.46,4,5,5,455,Champions
18,1,309.65,4,1,2,412,Recent / New Customers
172,2,696.68,2,3,3,233,Loyal Customers
2,4,1542.14,5,4,4,544,Champions
265,1,211.5,1,1,1,111,At Risk / Lost Customers
140,4,2293.62,2,4,5,245,Loyal Customers
201,1,143.1,1,1,1,111,At Risk / Lost Customers
64,4,1060.56,3,4,4,344,Loyal Customers
35,4,945.58,3,4,4,344,Loyal Customers
41,7,3364.2400000000002,3,5,5,355,Loyal Customers
284,1,133.25,1,1,1,111,At Risk / Lost Customers
9,5,1072.3600000000001,5,4,4,544,Champions
143,2,356.7,2,3,2,232,Loyal Customers
12,2,330.88,5,3,2,532,Loyal Customers
146,4,1118.81,2,4,4,244,Loyal Customers
234,1,150.3,1,1,1,111,At Risk / Lost Customers
33,13,5045.61,4,5,5,455,Champions
24,1,598.73,4,1,3,413,About to Sleep
12,1,507.08000000000004,5,1,3,513,About to Sleep
36,5,2222.56,3,4,5,345,Loyal Customers
365,1,203.10000000000002,1,1,1,111,At Risk / Lost Customers
201,2,218.25,1,3,1,131,At Risk / Lost Customers
15,1,415.25,4,1,2,412,Recent / New Customers
17,7,5178.96,4,5,5,455,Champions
213,1,85.0,1,1,1,111,At Risk / Lost Customers
66,3,1120.88,3,3,4,334,Loyal Customers
212,2,294.12,1,3,2,132,At Risk / Lost Customers
283,1,162.3,1,1,1,111,At Risk / Lost Customers
115,2,1339.45,2,3,4,234,Loyal Customers
15,8,1205.1200000000001,4,5,4,454,Champions
19,16,4812.42,4,5,5,455,Champions
66,1,449.12,3,1,2,312,Recent / New Customers
49,1,154.88,3,1,1,311,Recent / New Customers
16,4,784.46,4,4,3,443,Loyal Customers
78,1,34.8,2,1,1,211,At Risk / Lost Customers
19,4,1094.5900000000001,4,4,4,444,Champions
134,1,196.88,2,1,1,211,At Risk / Lost Customers
13,3,974.04,5,3,4,534,Loyal Customers
40,1,149.31,3,1,1,311,Recent / New Customers
235,3,44534.3,1,3,5,135,At Risk / Lost Customers
3,8,2465.48,5,5,5,555,Champions
40,7,2637.38,3,5,5,355,Loyal Customers
305,1,79.2,1,1,1,111,At Risk / Lost Customers
51,3,458.57,3,3,2,332,Loyal Customers
10,6,2364.25,5,5,5,555,Champions
61,4,532.96,3,4,3,343,Loyal Customers
66,2,714.42,3,3,3,333,Loyal Customers
25,1,205.25,4,2,1,421,Recent / New Customers
218,3,253.04000000000002,1,3,2,132,At Risk / Lost Customers
65,2,583.75,3,3,3,333,Loyal Customers
32,2,1086.92,4,3,4,434,Loyal Customers
88,6,3279.9700000000003,2,5,5,255,Loyal Customers
64,1,315.06,3,2,2,322,Recent / New Customers
116,3,621.83,2,4,3,243,Loyal Customers
7,26,56252.72,5,5,5,555,Champions
6,1,635.6800000000001,5,2,3,523,About to Sleep
69,1,270.8,3,2,2,322,Recent / New Customers
245,1,104.9,1,2,1,121,At Risk / Lost Customers
133,1,241.62,2,2,1,221,At Risk / Lost Customers
241,4,1047.1100000000001,1,4,4,144,At Risk / Lost Customers
184,3,475.28000000000003,1,4,2,142,At Risk / Lost Customers
25,3,345.46000000000004,4,4,2,442,Loyal Customers
10,3,2614.74,5,4,5,545,Champions
11,1,246.3,5,2,1,521,Recent / New Customers
33,5,2328.9700000000003,4,4,5,445,Champions
46,3,4932.2,3,4,5,345,Loyal Customers
26,3,948.05,4,4,4,444,Champions
358,1,351.3,1,2,2,122,At Risk / Lost Customers
10,1,220.85,5,2,1,521,Recent / New Customers
44,2,1612.69,3,3,4,334,Loyal Customers
15,3,965.61,4,4,4,444,Champions
150,1,610.01,2,2,3,223,At Risk / Lost Customers
1,8,2711.56,5,5,5,555,Champions
113,4,2207.4,2,4,5,245,Loyal Customers
76,3,884.14,2,4,3,243,Loyal Customers
107,2,699.08,2,3,3,233,Loyal Customers
46,3,1063.95,3,4,4,344,Loyal Customers
143,1,451.42,2,2,2,222,At Risk / Lost Customers
51,1,415.82000000000005,3,2,2,322,Recent / New Customers
1,13,4206.39,5,5,5,555,Champions
23,17,5528.4800000000005,4,5,5,455,Champions
46,3,784.58,3,4,3,343,Loyal Customers
50,3,903.9,3,4,3,343,Loyal Customers
306,4,3734.9700000000003,1,4,5,145,At Risk / Lost Customers
36,5,515.77,3,4,3,343,Loyal Customers
79,4,1391.98,2,4,4,244,Loyal Customers
22,6,2218.62,4,5,5,455,Champions
107,5,1801.14,2,4,4,244,Loyal Customers
208,2,1303.9099999999999,1,3,4,134,At Risk / Lost Customers
17,4,1945.3300000000002,4,4,4,444,Champions
64,5,2100.6,3,4,5,345,Loyal Customers
49,4,1905.45,3,4,4,344,Loyal Customers
320,1,206.98,1,2,1,121,At Risk / Lost Customers
44,2,570.96,3,3,3,333,Loyal Customers
3,2,885.47,5,3,3,533,Loyal Customers
372,1,15.0,1,2,1,121,At Risk / Lost Customers
172,1,532.94,2,2,3,223,At Risk / Lost Customers
56,3,1654.31,3,4,4,344,Loyal Customers
73,14,1836.09,2,5,4,254,Loyal Customers
99,2,636.14,2,3,3,233,Loyal Customers
38,1,576.0,3,2,3,323,About to Sleep
58,3,801.76,3,4,3,343,Loyal Customers
254,1,836.79,1,2,3,123,At Risk / Lost Customers
70,4,2233.75,3,4,5,345,Loyal Customers
44,4,954.09,3,4,4,344,Loyal Customers
50,1,137.37,3,2,1,321,Recent / New Customers
65,1,391.98,3,2,2,322,Recent / New Customers
11,19,33643.08,5,5,5,555,Champions
33,3,1048.49,4,4,4,444,Champions
59,2,355.56,3,3,2,332,Loyal Customers
73,4,1224.06,2,4,4,244,Loyal Customers
304,1,118.95,1,2,1,121,At Risk / Lost Customers
46,1,130.73999999999998,3,2,1,321,Recent / New Customers
18,8,3711.77,4,5,5,455,Champions
38,2,389.27,3,3,2,332,Loyal Customers
19,2,238.85,4,3,1,431,About to Sleep
187,2,160.71,1,3,1,131,At Risk / Lost Customers
52,1,110.8,3,2,1,321,Recent / New Customers
4,12,2974.65,5,5,5,555,Champions
137,5,712.24,2,4,3,243,Loyal Customers
4,27,16387.57,5,5,5,555,Champions
19,1,297.0,4,2,2,422,Recent / New Customers
16,5,1438.85,4,4,4,444,Champions
41,8,977.21,3,5,4,354,Loyal Customers
12,8,3165.36,5,5,5,555,Champions
8,4,832.88,5,4,3,543,Loyal Customers
26,2,68.84,4,3,1,431,About to Sleep
22,6,1936.32,4,5,4,454,Champions
41,3,895.13,3,4,3,343,Loyal Customers
101,1,230.53,2,2,1,221,At Risk / Lost Customers
5,15,3812.64,5,5,5,555,Champions
277,2,149.64,1,3,1,131,At Risk / Lost Customers
33,1,354.09000000000003,4,2,2,422,Recent / New Customers
15,2,360.93,4,3,2,432,Loyal Customers
64,7,4405.88,3,5,5,355,Loyal Customers
2,2,493.28,5,3,3,533,Loyal Customers
369,1,343.28,1,2,2,122,At Risk / Lost Customers
312,5,501.39,1,4,3,143,At Risk / Lost Customers
199,4,516.36,1,4,3,143,At Risk / Lost Customers
2,2,396.48,5,3,2,532,Loyal Customers
93,3,379.35,2,4,2,242,Loyal Customers
60,1,181.09,3,2,1,321,Recent / New Customers
81,1,168.31,2,2,1,221,At Risk / Lost Customers
157,2,446.87,2,3,2,232,Loyal Customers
227,1,524.52,1,2,3,123,At Risk / Lost Customers
253,2,263.55,1,3,2,132,At Risk / Lost Customers
150,1,179.17,2,2,1,221,At Risk / Lost Customers
194,2,222.05,1,3,1,131,At Risk / Lost Customers
1,5,1388.88,5,4,4,544,Champions
369,1,56.25,1,2,1,121,At Risk / Lost Customers
24,1,351.11,4,2,2,422,Recent / New Customers
17,3,363.88,4,4,2,442,Loyal Customers
10,7,5126.76,5,5,5,555,Champions
8,1,164.68,5,2,1,521,Recent / New Customers
20,7,1567.69,4,5,4,454,Champions
4,3,967.45,5,4,4,544,Champions
174,1,191.94,2,2,1,221,At Risk / Lost Customers
1,8,1232.18,5,5,4,554,Champions
178,2,264.62,2,3,2,232,Loyal Customers
16,8,1528.09,4,5,4,454,Champions
248,1,123.1,1,2,1,121,At Risk / Lost Customers
191,2,334.23,1,3,2,132,At Risk / Lost Customers
20,2,639.89,4,3,3,433,Loyal Customers
154,4,167.5,2,4,1,241,At Risk / Lost Customers
173,1,336.03000000000003,2,2,2,222,At Risk / Lost Customers
373,1,369.5,1,2,2,122,At Risk / Lost Customers
373,1,127.08,1,2,1,121,At Risk / Lost Customers
194,1,207.15,1,2,1,121,At Risk / Lost Customers
67,1,426.63,3,2,2,322,Recent / New Customers
4,8,2495.87,5,5,5,555,Champions
21,3,1107.46,4,4,4,444,Champions
239,2,416.86,1,3,2,132,At Risk / Lost Customers
64,1,145.35000000000002,3,2,1,321,Recent / New Customers
112,5,404.58000000000004,2,4,2,242,Loyal Customers
90,15,6115.01,2,5,5,255,Loyal Customers
311,1,35.8,1,2,1,121,At Risk / Lost Customers
134,1,337.44,2,2,2,222,At Risk / Lost Customers
277,1,325.1,1,2,2,122,At Risk / Lost Customers
365,1,181.0,1,2,1,121,At Risk / Lost Customers
83,1,1708.24,2,2,4,224,At Risk / Lost Customers
8,2,955.24,5,3,4,534,Loyal Customers
17,2,364.72,4,3,2,432,Loyal Customers
32,4,1765.51,4,4,4,444,Champions
9,2,708.22,5,3,3,533,Loyal Customers
34,4,806.57,3,4,3,343,Loyal Customers
15,8,1659.3799999999999,4,5,4,454,Champions
24,14,4416.26,4,5,5,455,Champions
32,1,428.89,4,2,2,422,Recent / New Customers
74,1,104.35,2,2,1,221,At Risk / Lost Customers
20,2,470.76,4,3,2,432,Loyal Customers
17,4,845.64,4,4,3,443,Loyal Customers
23,2,418.83,4,3,2,432,Loyal Customers
3,3,666.1,5,4,3,543,Loyal Customers
304,1,314.09999999999997,1,2,2,122,At Risk / Lost Customers
18,12,4199.85,4,5,5,455,Champions
367,1,307.82000000000005,1,2,2,122,At Risk / Lost Customers
39,7,3442.15,3,5,5,355,Loyal Customers
84,1,371.01,2,2,2,222,At Risk / Lost Customers
165,2,430.94,2,3,2,232,Loyal Customers
17,2,1054.73,4,3,4,434,Loyal Customers
77,1,1098.78,2,2,4,224,At Risk / Lost Customers
89,3,2398.86,2,4,5,245,Loyal Customers
25,8,3408.48,4,5,5,455,Champions
22,4,1475.02,4,4,4,444,Champions
3,10,2837.67,5,5,5,555,Champions
123,2,1142.42,2,3,4,234,Loyal Customers
30,1,168.12,4,2,1,421,Recent / New Customers
12,7,1451.28,5,5,4,554,Champions
19,1,158.03,4,2,1,421,Recent / New Customers
44,2,792.11,3,3,3,333,Loyal Customers
4,1,41.989999999999995,5,2,1,521,Recent / New Customers
9,7,2797.57,5,5,5,555,Champions
55,1,427.07,3,2,2,322,Recent / New Customers
88,6,1060.68,2,5,4,254,Loyal Customers
37,5,3089.97,3,4,5,345,Loyal Customers
3,3,12393.7,5,4,5,545,Champions
30,5,2735.37,4,4,5,445,Champions
12,4,615.39,5,4,3,543,Loyal Customers
211,1,101.4,1,2,1,121,At Risk / Lost Customers
48,4,1701.94,3,4,4,344,Loyal Customers
24,3,478.78,4,4,2,442,Loyal Customers
22,4,992.71,4,4,4,444,Champions
246,3,407.5,1,4,2,142,At Risk / Lost Customers
8,16,3362.71,5,5,5,555,Champions
35,3,1415.29,3,4,4,344,Loyal Customers
4,47,37130.6,5,5,5,555,Champions
38,3,662.38,3,4,3,343,Loyal Customers
4,3,705.39,5,4,3,543,Loyal Customers
3,8,1508.76,5,5,4,554,Champions
47,1,211.88,3,2,1,321,Recent / New Customers
39,2,408.9,3,3,2,332,Loyal Customers
47,9,3786.24,3,5,5,355,Loyal Customers
17,3,851.01,4,4,3,443,Loyal Customers
260,1,628.28,1,2,3,123,At Risk / Lost Customers
46,3,719.81,3,4,3,343,Loyal Customers
12,1,251.24,5,2,2,522,Recent / New Customers
30,1,439.65999999999997,4,2,2,422,Recent / New Customers
43,1,236.09,3,2,1,321,Recent / New Customers
92,6,934.62,2,5,3,253,Loyal Customers
39,63,81024.84,3,5,5,355,Loyal Customers
310,1,331.24,1,2,2,122,At Risk / Lost Customers
92,2,548.94,2,3,3,233,Loyal Customers
6,20,8816.4,5,5,5,555,Champions
196,3,437.70000000000005,1,4,2,142,At Risk / Lost Customers
87,2,758.9200000000001,2,3,3,233,Loyal Customers
270,3,855.02,1,4,3,143,At Risk / Lost Customers
8,3,471.78,5,4,2,542,Loyal Customers
65,3,1313.55,3,4,4,344,Loyal Customers
31,3,3166.4,4,4,5,445,Champions
22,5,1197.27,4,4,4,444,Champions
38,4,773.99,3,4,3,343,Loyal Customers
120,4,1340.7,2,4,4,244,Loyal Customers
373,2,256.44,1,3,2,132,At Risk / Lost Customers
40,3,1111.79,3,4,4,344,Loyal Customers
174,1,137.9,2,2,1,221,At Risk / Lost Customers
54,1,362.06,3,2,2,322,Recent / New Customers
33,2,1511.95,4,3,4,434,Loyal Customers
145,1,783.9,2,2,3,223,At Risk / Lost Customers
221,1,134.8,1,2,1,121,At Risk / Lost Customers
45,1,664.85,3,2,3,323,About to Sleep
16,7,2263.12,4,5,5,455,Champions
66,6,1459.8600000000001,3,5,4,354,Loyal Customers
10,4,1153.62,5,4,4,544,Champions
260,1,335.32,1,2,2,122,At Risk / Lost Customers
365,1,372.09,1,2,2,122,At Risk / Lost Customers
17,5,1521.87,4,4,4,444,Champions
22,2,852.15,4,3,3,433,Loyal Customers
45,1,326.24,3,2,2,322,Recent / New Customers
288,1,584.3199999999999,1,2,3,123,At Risk / Lost Customers
297,1,122.4,1,2,1,121,At Risk / Lost Customers
3,10,2234.73,5,5,5,555,Champions
284,1,79.2,1,2,1,121,At Risk / Lost Customers
17,3,1352.0,4,4,4,444,Champions
82,2,217.16,2,3,1,231,At Risk / Lost Customers
56,5,2806.9,3,4,5,345,Loyal Customers
101,2,1317.62,2,3,4,234,Loyal Customers
299,1,436.18,1,2,2,122,At Risk / Lost Customers
23,5,981.51,4,4,4,444,Champions
59,5,1121.39,3,4,4,344,Loyal Customers
155,2,315.06,2,3,2,232,Loyal Customers
115,3,817.86,2,4,3,243,Loyal Customers
107,1,17.0,2,2,1,221,At Risk / Lost Customers
12,4,1078.23,5,4,4,544,Champions
264,1,320.62,1,2,2,122,At Risk / Lost Customers
240,1,185.04999999999998,1,2,1,121,At Risk / Lost Customers
88,7,2005.63,2,5,4,254,Loyal Customers
50,3,731.9,3,4,3,343,Loyal Customers
71,1,1290.7,3,2,4,324,About to Sleep
42,3,1842.14,3,4,4,344,Loyal Customers
7,6,1429.64,5,5,4,554,Champions
62,1,302.36,3,2,2,322,Recent / New Customers
249,1,336.96,1,2,2,122,At Risk / Lost Customers
66,1,108.38,3,2,1,321,Recent / New Customers
18,7,3204.1600000000003,4,5,5,455,Champions
85,1,842.5,2,2,3,223,At Risk / Lost Customers
219,2,611.88,1,3,3,133,At Risk / Lost Customers
45,3,1337.48,3,4,4,344,Loyal Customers
143,4,195.74,2,4,1,241,At Risk / Lost Customers
183,1,161.38,1,2,1,121,At Risk / Lost Customers
171,1,135.75000000000003,2,2,1,221,At Risk / Lost Customers
10,8,1667.97,5,5,4,554,Champions
212,1,612.78,1,2,3,123,At Risk / Lost Customers
190,1,232.21,1,2,1,121,At Risk / Lost Customers
8,2,423.36,5,3,2,532,Loyal Customers
59,4,1309.14,3,4,4,344,Loyal Customers
57,2,867.11,3,3,3,333,Loyal Customers
73,4,684.42,2,4,3,243,Loyal Customers
52,1,307.78000000000003,3,2,2,322,Recent / New Customers
317,1,249.0,1,2,1,121,At Risk / Lost Customers
367,1,289.35,1,2,2,122,At Risk / Lost Customers
29,4,6287.77,4,4,5,445,Champions
39,1,656.25,3,2,3,323,About to Sleep
18,5,1880.22,4,4,4,444,Champions
52,6,3506.54,3,5,5,355,Loyal Customers
4,33,14589.04,5,5,5,555,Champions
22,2,618.09,4,3,3,433,Loyal Customers
263,1,517.55,1,2,3,123,At Risk / Lost Customers
60,3,709.38,3,4,3,343,Loyal Customers
19,3,635.4100000000001,4,4,3,443,Loyal Customers
66,2,725.1800000000001,3,3,3,333,Loyal Customers
88,1,620.4,2,2,3,223,At Risk / Lost Customers
250,1,535.34,1,2,3,123,At Risk / Lost Customers
3,6,2424.94,5,5,5,555,Champions
247,1,175.2,1,2,1,121,At Risk / Lost Customers
9,11,3799.4900000000002,5,5,5,555,Champions
157,3,734.13,2,4,3,243,Loyal Customers
134,1,375.0,2,2,2,222,At Risk / Lost Customers
296,1,76.32000000000001,1,2,1,121,At Risk / Lost Customers
5,2,280.52,5,3,2,532,Loyal Customers
43,5,2053.02,3,4,4,344,Loyal Customers
269,1,1829.04,1,2,4,124,At Risk / Lost Customers
50,5,1824.23,3,4,4,344,Loyal Customers
9,9,3122.04,5,5,5,555,Champions
16,3,656.69,4,4,3,443,Loyal Customers
282,1,348.2,1,2,2,122,At Risk / Lost Customers
65,2,1025.44,3,3,4,334,Loyal Customers
2,19,5575.56,5,5,5,555,Champions
252,1,37.4,1,2,1,121,At Risk / Lost Customers
232,2,856.6,1,3,3,133,At Risk / Lost Customers
17,3,822.48,4,4,3,443,Loyal Customers
11,27,3787.6,5,5,5,555,Champions
8,4,1822.97,5,4,4,544,Champions
51,6,1885.05,3,5,4,354,Loyal Customers
59,1,73.19999999999999,3,2,1,321,Recent / New Customers
95,5,1140.21,2,4,4,244,Loyal Customers
16,6,1418.32,4,5,4,454,Champions
126,3,1009.55,2,4,4,244,Loyal Customers
94,4,1037.5900000000001,2,4,4,244,Loyal Customers
50,1,331.95,3,2,2,322,Recent / New Customers
138,1,197.9,2,2,1,221,At Risk / Lost Customers
61,1,215.83,3,2,1,321,Recent / New Customers
100,8,10254.18,2,5,5,255,Loyal Customers
73,1,305.54,2,2,2,222,At Risk / Lost Customers
72,4,6617.65,3,4,5,345,Loyal Customers
67,1,338.71000000000004,3,2,2,322,Recent / New Customers
64,6,1158.79,3,5,4,354,Loyal Customers
17,2,529.41,4,3,3,433,Loyal Customers
23,12,4006.94,4,5,5,455,Champions
32,15,6911.4400000000005,4,5,5,455,Champions
45,4,981.86,3,4,4,344,Loyal Customers
16,2,215.48,4,3,1,431,About to Sleep
40,1,215.08,3,2,1,321,Recent / New Customers
3,13,5180.52,5,5,5,555,Champions
237,1,314.45,1,2,2,122,At Risk / Lost Customers
75,1,400.68100000000004,2,2,2,222,At Risk / Lost Customers
4,2,1080.6200000000001,5,3,4,534,Loyal Customers
3,4,1863.47,5,4,4,544,Champions
361,1,365.27,1,2,2,122,At Risk / Lost Customers
59,4,592.9,3,4,3,343,Loyal Customers
23,1,405.71,4,2,2,422,Recent / New Customers
31,4,761.38,4,4,3,443,Loyal Customers
55,4,537.0600000000001,3,4,3,343,Loyal Customers
25,1,394.38,4,2,2,422,Recent / New Customers
45,2,664.26,3,3,3,333,Loyal Customers
89,5,2262.62,2,4,5,245,Loyal Customers
2,18,21086.3,5,5,5,555,Champions
89,1,547.02,2,2,3,223,At Risk / Lost Customers
19,2,690.34,4,3,3,433,Loyal Customers
79,1,159.0,2,2,1,221,At Risk / Lost Customers
171,3,1062.75,2,4,4,244,Loyal Customers
81,1,242.35,2,2,1,221,At Risk / Lost Customers
267,1,914.9300000000001,1,2,3,123,At Risk / Lost Customers
235,2,304.25,1,3,2,132,At Risk / Lost Customers
30,7,3084.68,4,5,5,455,Champions
37,3,864.86,3,4,3,343,Loyal Customers
318,1,846.72,1,2,3,123,At Risk / Lost Customers
57,4,1295.3,3,4,4,344,Loyal Customers
45,5,1096.32,3,4,4,344,Loyal Customers
203,3,255.12,1,4,2,142,At Risk / Lost Customers
225,1,314.22,1,2,2,122,At Risk / Lost Customers
87,2,1010.6,2,3,4,234,Loyal Customers
190,2,542.03,1,3,3,133,At Risk / Lost Customers
44,4,990.88,3,4,4,344,Loyal Customers
71,3,536.6800000000001,3,4,3,343,Loyal Customers
41,5,867.3100000000001,3,4,3,343,Loyal Customers
78,1,432.2,2,2,2,222,At Risk / Lost Customers
57,2,414.2,3,3,2,332,Loyal Customers
24,2,3718.8,4,3,5,435,Loyal Customers
10,13,2607.87,5,5,5,555,Champions
8,7,3603.21,5,5,5,555,Champions
34,2,409.1,3,3,2,332,Loyal Customers
212,2,1522.75,1,3,4,134,At Risk / Lost Customers
24,3,1413.66,4,4,4,444,Champions
170,1,114.56,2,2,1,221,At Risk / Lost Customers
62,1,152.94,3,2,1,321,Recent / New Customers
53,5,1800.07,3,4,4,344,Loyal Customers
261,2,389.44,1,3,2,132,At Risk / Lost Customers
67,2,3683.86,3,3,5,335,Loyal Customers
17,8,2619.91,4,5,5,455,Champions
267,1,752.4300000000001,1,2,3,123,At Risk / Lost Customers
177,1,46.95,2,2,1,221,At Risk / Lost Customers
45,5,5203.51,3,4,5,345,Loyal Customers
51,1,1035.45,3,2,4,324,About to Sleep
17,4,746.83,4,4,3,443,Loyal Customers
9,9,5447.0,5,5,5,555,Champions
74,7,861.89,2,5,3,253,Loyal Customers
71,2,667.65,3,3,3,333,Loyal Customers
353,1,1141.24,1,2,4,124,At Risk / Lost Customers
3,5,1429.24,5,4,4,544,Champions
117,1,411.7,2,2,2,222,At Risk / Lost Customers
373,1,357.95,1,2,2,122,At Risk / Lost Customers
197,1,559.87,1,2,3,123,At Risk / Lost Customers
177,1,810.6,2,2,3,223,At Risk / Lost Customers
100,1,566.38,2,2,3,223,At Risk / Lost Customers
21,3,1509.58,4,4,4,444,Champions
72,1,2062.06,3,2,5,325,About to Sleep
340,1,168.3,1,2,1,121,At Risk / Lost Customers
6,5,1570.81,5,4,4,544,Champions
31,2,823.97,4,3,3,433,Loyal Customers
170,1,142.5,2,2,1,221,At Risk / Lost Customers
122,1,302.25,2,2,2,222,At Risk / Lost Customers
22,10,2248.9900000000002,4,5,5,455,Champions
10,4,1328.55,5,4,4,544,Champions
269,1,301.9,1,2,2,122,At Risk / Lost Customers
23,3,598.2,4,4,3,443,Loyal Customers
127,1,233.22,2,2,1,221,At Risk / Lost Customers
26,3,5360.63,4,4,5,445,Champions
139,1,361.22,2,2,2,222,At Risk / Lost Customers
214,6,632.27,1,5,3,153,At Risk / Lost Customers
38,4,2560.0,3,4,5,345,Loyal Customers
106,2,706.57,2,3,3,233,Loyal Customers
18,2,616.26,4,3,3,433,Loyal Customers
3,2,274.15000000000003,5,3,2,532,Loyal Customers
331,1,226.37,1,2,1,121,At Risk / Lost Customers
64,8,2938.91,3,5,5,355,Loyal Customers
120,3,1341.65,2,4,4,244,Loyal Customers
35,1,328.15000000000003,3,2,2,322,Recent / New Customers
218,1,404.40000000000003,1,2,2,122,At Risk / Lost Customers
172,2,1038.46,2,3,4,234,Loyal Customers
72,5,373.65000000000003,3,4,2,342,Loyal Customers
1,2,326.75,5,3,2,532,Loyal Customers
196,1,207.50000000000003,1,2,1,121,At Risk / Lost Customers
128,3,428.68,2,4,2,242,Loyal Customers
47,3,594.24,3,4,3,343,Loyal Customers
6,14,3110.96,5,5,5,555,Champions
14,6,3844.2200000000003,4,5,5,455,Champions
18,3,251.91,4,4,2,442,Loyal Customers
28,7,1593.2,4,5,4,454,Champions
8,22,26626.8,5,5,5,555,Champions
37,1,151.05,3,2,1,321,Recent / New Customers
157,1,214.8,2,2,1,221,At Risk / Lost Customers
284,1,109.95,1,2,1,121,At Risk / Lost Customers
107,1,549.07,2,2,3,223,At Risk / Lost Customers
25,4,1971.8700000000001,4,4,4,444,Champions
75,4,322.41,2,4,2,242,Loyal Customers
16,2,370.48,4,3,2,432,Loyal Customers
158,1,101.10000000000001,2,2,1,221,At Risk / Lost Customers
44,1,575.41,3,2,3,323,About to Sleep
11,2,887.65,5,3,3,533,Loyal Customers
32,7,1469.45,4,5,4,454,Champions
291,1,53.5,1,2,1,121,At Risk / Lost Customers
21,4,1116.47,4,4,4,444,Champions
333,1,153.9,1,2,1,121,At Risk / Lost Customers
18,2,494.44,4,3,3,433,Loyal Customers
4,23,6675.71,5,5,5,555,Champions
63,2,395.8,3,3,2,332,Loyal Customers
198,3,211.77,1,4,1,141,At Risk / Lost Customers
33,3,658.88,4,4,3,443,Loyal Customers
1,4,2027.5,5,4,4,544,Champions
7,9,1750.92,5,5,4,554,Champions
5,6,3512.53,5,5,5,555,Champions
10,4,896.66,5,4,3,543,Loyal Customers
32,5,734.77,4,4,3,443,Loyal Customers
53,1,109.36000000000001,3,2,1,321,Recent / New Customers
12,2,707.04,5,3,3,533,Loyal Customers
18,9,1540.42,4,5,4,454,Champions
19,1,327.3,4,2,2,422,Recent / New Customers
37,2,804.49,3,3,3,333,Loyal Customers
2,2,497.43,5,3,3,533,Loyal Customers
18,3,1553.66,4,4,4,444,Champions
82,4,1320.56,2,4,4,244,Loyal Customers
33,2,367.93,4,3,2,432,Loyal Customers
66,2,473.03,3,3,2,332,Loyal Customers
9,2,987.01,5,3,4,534,Loyal Customers
267,1,676.2,1,2,3,123,At Risk / Lost Customers
247,3,362.95,1,4,2,142,At Risk / Lost Customers
4,4,2157.4,5,4,5,545,Champions
61,1,1780.59,3,2,4,324,About to Sleep
75,2,668.36,2,3,3,233,Loyal Customers
90,2,584.5,2,3,3,233,Loyal Customers
60,3,555.89,3,4,3,343,Loyal Customers
29,2,317.2,4,3,2,432,Loyal Customers
323,1,94.36,1,2,1,121,At Risk / Lost Customers
53,4,1382.0700000000002,3,4,4,344,Loyal Customers
270,1,221.19,1,2,1,121,At Risk / Lost Customers
2,13,3046.21,5,5,5,555,Champions
57,5,1555.34,3,4,4,344,Loyal Customers
61,5,1486.9,3,4,4,344,Loyal Customers
154,2,1705.8,2,3,4,234,Loyal Customers
19,2,408.57,4,3,2,432,Loyal Customers
95,1,303.93,2,2,2,222,At Risk / Lost Customers
1,12,4098.32,5,5,5,555,Champions
265,2,299.6,1,3,2,132,At Risk / Lost Customers
312,1,177.5,1,2,1,121,At Risk / Lost Customers
70,1,443.05,3,2,2,322,Recent / New Customers
302,2,167.25,1,3,1,131,At Risk / Lost Customers
19,1,163.07,4,2,1,421,Recent / New Customers
13,10,2126.93,5,5,5,555,Champions
36,5,2028.88,3,4,4,344,Loyal Customers
19,2,214.65,4,3,1,431,About to Sleep
54,1,151.83,3,2,1,321,Recent / New Customers
57,1,262.2,3,2,2,322,Recent / New Customers
22,2,126.25,4,3,1,431,About to Sleep
44,1,210.35,3,2,1,321,Recent / New Customers
27,3,1051.4,4,4,4,444,Champions
45,3,675.27,3,4,3,343,Loyal Customers
113,6,972.23,2,5,4,254,Loyal Customers
17,51,34684.4,4,5,5,455,Champions
25,1,346.12,4,2,2,422,Recent / New Customers
191,1,133.56,1,2,1,121,At Risk / Lost Customers
302,1,302.7,1,2,2,122,At Risk / Lost Customers
2,10,1908.25,5,5,4,554,Champions
263,2,241.06,1,3,1,131,At Risk / Lost Customers
106,1,284.55,2,2,2,222,At Risk / Lost Customers
57,1,300.85,3,2,2,322,Recent / New Customers
213,3,642.81,1,4,3,143,At Risk / Lost Customers
64,1,287.40000000000003,3,2,2,322,Recent / New Customers
28,1,184.26,4,2,1,421,Recent / New Customers
29,7,1522.25,4,5,4,454,Champions
6,5,798.35,5,4,3,543,Loyal Customers
8,5,3640.67,5,4,5,545,Champions
67,2,381.2,3,3,2,332,Loyal Customers
2,3,616.79,5,4,3,543,Loyal Customers
46,4,654.67,3,4,3,343,Loyal Customers
34,1,230.51,3,2,1,321,Recent / New Customers
1,2,168472.5,5,3,5,535,Loyal Customers
136,1,259.01,2,2,2,222,At Risk / Lost Customers
198,1,188.89000000000001,1,2,1,121,At Risk / Lost Customers
198,2,707.69,1,3,3,133,At Risk / Lost Customers
150,1,311.92,2,2,2,222,At Risk / Lost Customers
88,1,266.97,2,2,2,222,At Risk / Lost Customers
45,2,6.9,3,3,1,331,About to Sleep
64,7,1841.18,3,5,4,354,Loyal Customers
99,5,2158.37,2,4,5,245,Loyal Customers
218,1,208.36,1,2,1,121,At Risk / Lost Customers
3,18,3482.7400000000002,5,5,5,555,Champions
28,3,814.72,4,4,3,443,Loyal Customers
178,1,151.42,2,2,1,221,At Risk / Lost Customers
74,3,136.0,2,4,1,241,At Risk / Lost Customers
21,4,1422.4,4,4,4,444,Champions
20,3,1314.68,4,4,4,444,Champions
34,7,1603.46,3,5,4,354,Loyal Customers
74,1,74.9,2,2,1,221,At Risk / Lost Customers
24,4,650.43,4,4,3,443,Loyal Customers
52,4,762.39,3,4,3,343,Loyal Customers
275,1,223.95000000000002,1,2,1,121,At Risk / Lost Customers
165,3,316.11,2,4,2,242,Loyal Customers
7,7,1871.5,5,5,4,554,Champions
88,4,544.3,2,4,3,243,Loyal Customers
64,7,2494.46,3,5,5,355,Loyal Customers
25,3,331.0,4,4,2,442,Loyal Customers
10,2,300.83,5,3,2,532,Loyal Customers
76,1,769.29,2,2,3,223,At Risk / Lost Customers
16,1,220.62,4,2,1,421,Recent / New Customers
192,1,139.35,1,2,1,121,At Risk / Lost Customers
174,2,404.3,2,3,2,232,Loyal Customers
77,1,363.65,2,2,2,222,At Risk / Lost Customers
33,3,498.8,4,4,3,443,Loyal Customers
47,1,731.5,3,2,3,323,About to Sleep
80,4,1351.63,2,4,4,244,Loyal Customers
297,1,826.53,1,2,3,123,At Risk / Lost Customers
3,3,684.41,5,4,3,543,Loyal Customers
9,3,1599.52,5,4,4,544,Champions
50,6,2965.69,3,5,5,355,Loyal Customers
161,2,100.97,2,3,1,231,At Risk / Lost Customers
360,2,365.45,1,3,2,132,At Risk / Lost Customers
5,6,400.86,5,5,2,552,Loyal Customers
107,4,1431.93,2,4,4,244,Loyal Customers
25,1,484.38,4,2,2,422,Recent / New Customers
32,1,777.6,4,2,3,423,About to Sleep
20,2,90.30000000000001,4,3,1,431,About to Sleep
297,1,363.70000000000005,1,2,2,122,At Risk / Lost Customers
372,1,248.1,1,2,1,121,At Risk / Lost Customers
22,3,950.26,4,4,4,444,Champions
5,4,874.59,5,4,3,543,Loyal Customers
52,5,1627.13,3,4,4,344,Loyal Customers
30,1,101.69999999999999,4,2,1,421,Recent / New Customers
277,1,162.70000000000002,1,2,1,121,At Risk / Lost Customers
61,2,484.32,3,3,2,332,Loyal Customers
25,2,215.07999999999998,4,3,1,431,About to Sleep
186,3,1046.57,1,4,4,144,At Risk / Lost Customers
2,21,9418.470000000001,5,5,5,555,Champions
2,26,13027.45,5,5,5,555,Champions
172,1,290.36,2,2,2,222,At Risk / Lost Customers
81,1,228.06,2,2,1,221,At Risk / Lost Customers
4,1,244.41,5,2,1,521,Recent / New Customers
190,1,455.25,1,2,2,122,At Risk / Lost Customers
22,7,1244.59,4,5,4,454,Champions
18,3,6748.8,4,4,5,445,Champions
19,3,1095.56,4,4,4,444,Champions
5,1,593.75,5,2,3,523,About to Sleep
110,1,548.97,2,2,3,223,At Risk / Lost Customers
3,4,1388.81,5,4,4,544,Champions
54,1,119.62,3,2,1,321,Recent / New Customers
165,1,339.3,2,2,2,222,At Risk / Lost Customers
291,2,787.15,1,3,3,133,At Risk / Lost Customers
10,10,4154.64,5,5,5,555,Champions
109,5,2298.97,2,4,5,245,Loyal Customers
96,3,922.12,2,4,3,243,Loyal Customers
243,2,379.73,1,3,2,132,At Risk / Lost Customers
163,12,5719.82,2,5,5,255,Loyal Customers
42,3,837.1,3,4,3,343,Loyal Customers
35,2,285.89,3,3,2,332,Loyal Customers
67,7,3313.79,3,5,5,355,Loyal Customers
24,2,281.85,4,3,2,432,Loyal Customers
1,20,8338.49,5,5,5,555,Champions
27,2,841.41,4,3,3,433,Loyal Customers
6,2,511.12,5,3,3,533,Loyal Customers
54,1,1077.74,3,2,4,324,About to Sleep
364,1,173.7,1,2,1,121,At Risk / Lost Customers
15,5,614.66,4,4,3,443,Loyal Customers
194,2,865.6,1,3,3,133,At Risk / Lost Customers
3,1,124.2,5,2,1,521,Recent / New Customers
15,10,3738.4,4,5,5,455,Champions
27,3,1421.69,4,4,4,444,Champions
127,3,1009.6,2,4,4,244,Loyal Customers
85,2,663.61,2,3,3,233,Loyal Customers
71,1,451.44,3,2,2,322,Recent / New Customers
183,1,105.84,1,2,1,121,At Risk / Lost Customers
113,1,313.62,2,2,2,222,At Risk / Lost Customers
374,1,233.45,1,2,1,121,At Risk / Lost Customers
80,2,936.08,2,3,3,233,Loyal Customers
249,1,463.95,1,2,2,122,At Risk / Lost Customers
232,1,225.15,1,2,1,121,At Risk / Lost Customers
71,3,459.24,3,4,2,342,Loyal Customers
69,1,213.5,3,2,1,321,Recent / New Customers
4,16,4113.68,5,5,5,555,Champions
51,3,330.03,3,4,2,342,Loyal Customers
75,1,181.09,2,2,1,221,At Risk / Lost Customers
61,1,360.16,3,2,2,322,Recent / New Customers
16,2,250.15,4,3,1,431,About to Sleep
4,1,90.04,5,2,1,521,Recent / New Customers
286,1,145.05,1,2,1,121,At Risk / Lost Customers
4,6,813.52,5,5,3,553,Loyal Customers
41,1,244.8,3,2,1,321,Recent / New Customers
36,1,528.08,3,2,3,323,About to Sleep
75,2,482.47,2,3,2,232,Loyal Customers
18,14,3347.71,4,5,5,455,Champions
15,7,5493.46,4,5,5,455,Champions
219,1,75.66,1,2,1,121,At Risk / Lost Customers
186,1,129.49,1,2,1,121,At Risk / Lost Customers
33,4,1187.66,4,4,4,444,Champions
70,1,618.59,3,2,3,323,About to Sleep
183,1,506.19,1,2,3,123,At Risk / Lost Customers
15,2,500.42,4,3,3,433,Loyal Customers
236,1,151.85,1,2,1,121,At Risk / Lost Customers
31,5,2647.59,4,4,5,445,Champions
264,1,226.21,1,2,1,121,At Risk / Lost Customers
4,2,178.96,5,3,1,531,About to Sleep
52,4,813.48,3,4,3,343,Loyal Customers
246,1,129.45000000000002,1,2,1,121,At Risk / Lost Customers
81,2,810.57,2,3,3,233,Loyal Customers
275,1,333.08,1,2,2,122,At Risk / Lost Customers
1,17,4413.1,5,5,5,555,Champions
79,1,322.8,2,2,2,222,At Risk / Lost Customers
30,5,2188.05,4,4,5,445,Champions
74,2,417.73,2,3,2,232,Loyal Customers
17,6,2883.1,4,5,5,455,Champions
223,2,217.9,1,3,1,131,At Risk / Lost Customers
32,4,1154.47,4,4,4,444,Champions
23,10,1680.72,4,5,4,454,Champions
31,3,1257.51,4,4,4,444,Champions
106,1,231.1,2,2,1,221,At Risk / Lost Customers
5,2,688.33,5,3,3,533,Loyal Customers
246,1,487.51,1,2,2,122,At Risk / Lost Customers
178,2,833.78,2,3,3,233,Loyal Customers
170,2,214.06,2,3,1,231,At Risk / Lost Customers
43,1,290.66,3,2,2,322,Recent / New Customers
72,1,518.42,3,2,3,323,About to Sleep
59,7,6773.97,3,5,5,355,Loyal Customers
16,2,1212.66,4,3,4,434,Loyal Customers
141,4,601.27,2,4,3,243,Loyal Customers
18,6,3794.52,4,5,5,455,Champions
22,15,8625.8,4,5,5,455,Champions
10,4,933.62,5,4,3,543,Loyal Customers
368,1,123.24,1,2,1,121,At Risk / Lost Customers
189,1,39.12,1,2,1,121,At Risk / Lost Customers
16,4,1267.65,4,4,4,444,Champions
362,1,135.4,1,2,1,121,At Risk / Lost Customers
19,1,118.98,4,2,1,421,Recent / New Customers
68,2,570.13,3,3,3,333,Loyal Customers
15,6,306.72,4,5,2,452,Loyal Customers
24,3,1374.87,4,4,4,444,Champions
17,11,4095.9,4,5,5,455,Champions
28,3,1692.27,4,4,4,444,Champions
2,20,8134.9400000000005,5,5,5,555,Champions
55,2,319.61,3,3,2,332,Loyal Customers
34,4,1592.12,3,4,4,344,Loyal Customers
3,12,3109.99,5,5,5,555,Champions
366,1,129.75,1,2,1,121,At Risk / Lost Customers
43,1,183.7,3,2,1,321,Recent / New Customers
73,6,1770.3400000000001,2,5,4,254,Loyal Customers
5,5,1028.0,5,4,4,544,Champions
4,28,66653.56,5,5,5,555,Champions
61,2,324.24,3,3,2,332,Loyal Customers
47,7,3062.83,3,5,5,355,Loyal Customers
1,4,1260.8600000000001,5,4,4,544,Champions
76,2,422.6,2,3,2,232,Loyal Customers
72,2,225.58,3,3,1,331,About to Sleep
256,2,1276.0,1,3,4,134,At Risk / Lost Customers
69,2,482.01,3,3,2,332,Loyal Customers
135,4,657.9,2,4,3,243,Loyal Customers
241,1,112.75,1,2,1,121,At Risk / Lost Customers
227,2,1998.0,1,3,4,134,At Risk / Lost Customers
9,13,5076.55,5,5,5,555,Champions
9,13,5398.3,5,5,5,555,Champions
1,20,14034.99,5,5,5,555,Champions
37,3,531.35,3,4,3,343,Loyal Customers
46,1,656.63,3,2,3,323,About to Sleep
85,5,3029.87,2,4,5,245,Loyal Customers
19,10,2483.04,4,5,5,455,Champions
3,5,1651.03,5,4,4,544,Champions
9,11,3645.43,5,5,5,555,Champions
19,15,6923.13,4,5,5,455,Champions
219,3,1161.53,1,4,4,144,At Risk / Lost Customers
78,1,301.71999999999997,2,2,2,222,At Risk / Lost Customers
267,2,901.2,1,3,3,133,At Risk / Lost Customers
24,6,3858.38,4,5,5,455,Champions
369,1,623.75,1,2,3,123,At Risk / Lost Customers
15,7,1790.42,4,5,4,454,Champions
26,1,155.24,4,2,1,421,Recent / New Customers
262,1,292.47,1,2,2,122,At Risk / Lost Customers
17,13,4730.81,4,5,5,455,Champions
91,2,589.15,2,3,3,233,Loyal Customers
302,7,781.02,1,5,3,153,At Risk / Lost Customers
26,5,1382.02,4,4,4,444,Champions
364,1,272.82,1,2,2,122,At Risk / Lost Customers
46,4,1054.67,3,4,4,344,Loyal Customers
38,21,7239.92,3,5,5,355,Loyal Customers
52,3,743.11,3,4,3,343,Loyal Customers
32,1,603.75,4,2,3,423,About to Sleep
52,3,650.51,3,4,3,343,Loyal Customers
79,5,2300.56,2,4,5,245,Loyal Customers
53,1,417.6,3,2,2,322,Recent / New Customers
298,1,3.75,1,2,1,121,At Risk / Lost Customers
177,1,323.0,2,2,2,222,At Risk / Lost Customers
47,1,464.9,3,2,2,322,Recent / New Customers
29,7,2238.09,4,5,5,455,Champions
11,7,1304.76,5,5,4,554,Champions
87,17,7194.3,2,5,5,255,Loyal Customers
5,18,6697.66,5,5,5,555,Champions
38,2,836.0600000000001,3,3,3,333,Loyal Customers
18,5,1515.9,4,4,4,444,Champions
45,5,623.93,3,4,3,343,Loyal Customers
31,1,1764.72,4,2,4,424,About to Sleep
373,1,207.5,1,2,1,121,At Risk / Lost Customers
58,1,223.92000000000002,3,2,1,321,Recent / New Customers
372,1,2002.4,1,2,4,124,At Risk / Lost Customers
114,3,1496.83,2,4,4,244,Loyal Customers
215,1,239.4,1,2,1,121,At Risk / Lost Customers
319,1,106.83000000000001,1,2,1,121,At Risk / Lost Customers
65,1,369.34000000000003,3,2,2,322,Recent / New Customers
8,3,789.79,5,4,3,543,Loyal Customers
97,1,316.62,2,2,2,222,At Risk / Lost Customers
20,3,1501.38,4,4,4,444,Champions
199,1,611.8499999999999,1,2,3,123,At Risk / Lost Customers
4,13,2799.25,5,5,5,555,Champions
294,1,34.0,1,2,1,121,At Risk / Lost Customers
273,2,1145.6,1,3,4,134,At Risk / Lost Customers
31,11,5580.6,4,5,5,455,Champions
48,3,478.09000000000003,3,4,2,342,Loyal Customers
260,1,380.39,1,2,2,122,At Risk / Lost Customers
58,5,770.1,3,4,3,343,Loyal Customers
33,5,2246.81,4,4,5,445,Champions
57,1,171.59,3,2,1,321,Recent / New Customers
68,4,661.52,3,4,3,343,Loyal Customers
10,11,1695.66,5,5,4,554,Champions
60,1,388.28,3,2,2,322,Recent / New Customers
80,2,226.35,2,3,1,231,At Risk / Lost Customers
74,2,245.94,2,3,1,231,At Risk / Lost Customers
2,22,10629.72,5,5,5,555,Champions
100,2,425.19,2,3,2,232,Loyal Customers
372,1,311.25,1,2,2,122,At Risk / Lost Customers
10,13,2279.9,5,5,5,555,Champions
20,1,107.6,4,2,1,421,Recent / New Customers
123,2,597.48,2,3,3,233,Loyal Customers
8,1,80.80000000000001,5,2,1,521,Recent / New Customers
4,6,1545.6200000000001,5,5,4,554,Champions
29,7,1721.78,4,5,4,454,Champions
282,2,110.38,1,3,1,131,At Risk / Lost Customers
57,1,243.84,3,2,1,321,Recent / New Customers
1,10,1222.71,5,5,4,554,Champions
365,1,414.88,1,2,2,122,At Risk / Lost Customers
89,1,305.62,2,2,2,222,At Risk / Lost Customers
11,1,1201.49,5,2,4,524,About to Sleep
163,4,1619.73,2,4,4,244,Loyal Customers
65,1,332.3,3,2,2,322,Recent / New Customers
23,3,536.99,4,4,3,443,Loyal Customers
174,2,460.59000000000003,2,3,2,232,Loyal Customers
103,4,801.49,2,4,3,243,Loyal Customers
143,3,1121.59,2,4,4,244,Loyal Customers
99,2,288.42,2,3,2,232,Loyal Customers
23,5,914.69,4,4,3,443,Loyal Customers
192,1,309.54,1,2,2,122,At Risk / Lost Customers
5,2,547.07,5,3,3,533,Loyal Customers
361,1,479.35,1,2,2,122,At Risk / Lost Customers
8,10,1692.98,5,5,4,554,Champions
14,21,6509.1,4,5,5,455,Champions
103,4,417.06,2,4,2,242,Loyal Customers
3,9,1604.75,5,5,4,554,Champions
11,11,3349.57,5,5,5,555,Champions
96,1,497.61,2,2,3,223,At Risk / Lost Customers
227,1,358.38,1,2,2,122,At Risk / Lost Customers
16,2,460.64,4,3,2,432,Loyal Customers
39,2,775.18,3,3,3,333,Loyal Customers
51,1,341.7,3,2,2,322,Recent / New Customers
93,2,128.5,2,3,1,231,At Risk / Lost Customers
157,1,197.22,2,2,1,221,At Risk / Lost Customers
39,1,325.91,3,2,2,322,Recent / New Customers
184,3,199.15,1,4,1,141,At Risk / Lost Customers
1,4,1106.53,5,4,4,544,Champions
228,1,413.46,1,2,2,122,At Risk / Lost Customers
128,2,180.85,2,3,1,231,At Risk / Lost Customers
40,2,251.87,3,3,2,332,Loyal Customers
31,11,3170.98,4,5,5,455,Champions
197,2,588.85,1,3,3,133,At Risk / Lost Customers
9,34,16594.35,5,5,5,555,Champions
37,6,1869.82,3,5,4,354,Loyal Customers
101,3,1264.19,2,4,4,244,Loyal Customers
43,16,10196.57,3,5,5,355,Loyal Customers
50,1,214.32,3,2,1,321,Recent / New Customers
43,1,193.44,3,2,1,321,Recent / New Customers
53,1,281.42,3,2,2,322,Recent / New Customers
187,1,124.57,1,2,1,121,At Risk / Lost Customers
334,1,332.41,1,2,2,122,At Risk / Lost Customers
4,3,342.45,5,4,2,542,Loyal Customers
10,2,144.91,5,3,1,531,About to Sleep
24,2,328.40000000000003,4,3,2,432,Loyal Customers
15,1,35.400000000000006,4,2,1,421,Recent / New Customers
369,1,375.69000000000005,1,2,2,122,At Risk / Lost Customers
145,2,747.81,2,3,3,233,Loyal Customers
60,2,173.76,3,3,1,331,About to Sleep
31,2,502.8,4,3,3,433,Loyal Customers
141,3,207.74,2,4,1,241,At Risk / Lost Customers
23,4,825.4200000000001,4,4,3,443,Loyal Customers
22,6,2812.34,4,5,5,455,Champions
77,3,680.02,2,4,3,243,Loyal Customers
5,6,7123.62,5,5,5,555,Champions
67,5,2095.53,3,4,5,345,Loyal Customers
12,6,853.72,5,5,3,553,Loyal Customers
84,1,13.3,2,2,1,221,At Risk / Lost Customers
31,7,1519.08,4,5,4,454,Champions
67,1,432.0,3,2,2,322,Recent / New Customers
67,3,705.12,3,4,3,343,Loyal Customers
187,2,276.73,1,3,2,132,At Risk / Lost Customers
38,2,429.84,3,3,2,332,Loyal Customers
15,3,471.51,4,4,2,442,Loyal Customers
35,1,194.88,3,2,1,321,Recent / New Customers
195,3,1578.67,1,4,4,144,At Risk / Lost Customers
2,5,809.7,5,4,3,543,Loyal Customers
1,5,525.54,5,4,3,543,Loyal Customers
367,1,145.93,1,2,1,121,At Risk / Lost Customers
65,1,219.14,3,2,1,321,Recent / New Customers
299,2,289.78,1,3,2,132,At Risk / Lost Customers
26,3,508.81,4,4,3,443,Loyal Customers
8,6,1281.56,5,5,4,554,Champions
17,3,887.11,4,4,3,443,Loyal Customers
116,1,1706.88,2,2,4,224,At Risk / Lost Customers
29,1,373.24,4,2,2,422,Recent / New Customers
4,16,3754.27,5,5,5,555,Champions
5,7,3102.43,5,5,5,555,Champions
82,4,579.77,2,4,3,243,Loyal Customers
29,5,981.65,4,4,4,444,Champions
72,1,379.14,3,2,2,322,Recent / New Customers
4,8,1510.06,5,5,4,554,Champions
29,11,2575.38,4,5,5,455,Champions
290,1,113.44,1,2,1,121,At Risk / Lost Customers
36,1,208.46,3,2,1,321,Recent / New Customers
9,6,621.6800000000001,5,5,3,553,Loyal Customers
24,2,576.26,4,3,3,433,Loyal Customers
277,1,391.52,1,2,2,122,At Risk / Lost Customers
50,6,1068.82,3,5,4,354,Loyal Customers
156,11,2596.45,2,5,5,255,Loyal Customers
61,1,169.79,3,2,1,321,Recent / New Customers
12,19,7247.61,5,5,5,555,Champions
21,3,846.75,4,4,3,443,Loyal Customers
371,1,230.25,1,2,1,121,At Risk / Lost Customers
116,3,543.05,2,4,3,243,Loyal Customers
80,17,2847.6,2,5,5,255,Loyal Customers
4,7,1295.39,5,5,4,554,Champions
26,3,380.55,4,4,2,442,Loyal Customers
5,21,4604.22,5,5,5,555,Champions
53,1,161.94,3,2,1,321,Recent / New Customers
1,2,563.23,5,3,3,533,Loyal Customers
55,2,950.9300000000001,3,3,4,334,Loyal Customers
26,1,262.68,4,2,2,422,Recent / New Customers
9,4,2736.38,5,4,5,545,Champions
52,3,3049.88,3,4,5,345,Loyal Customers
13,9,1920.59,5,5,4,554,Champions
212,3,816.73,1,4,3,143,At Risk / Lost Customers
22,19,4345.5,4,5,5,455,Champions
236,1,406.48,1,2,2,122,At Risk / Lost Customers
139,3,435.02,2,4,2,242,Loyal Customers
4,6,1286.27,5,5,4,554,Champions
57,3,1178.56,3,4,4,344,Loyal Customers
135,3,1277.75,2,4,4,244,Loyal Customers
109,2,167.61,2,3,1,231,At Risk / Lost Customers
30,1,20.8,4,2,1,421,Recent / New Customers
1,9,2085.08,5,5,5,555,Champions
185,4,518.67,1,4,3,143,At Risk / Lost Customers
18,1,308.74,4,2,2,422,Recent / New Customers
239,2,416.64,1,3,2,132,At Risk / Lost Customers
87,1,117.35000000000001,2,2,1,221,At Risk / Lost Customers
39,3,507.05,3,4,3,343,Loyal Customers
116,1,234.17000000000002,2,2,1,221,At Risk / Lost Customers
187,1,110.55000000000001,1,2,1,121,At Risk / Lost Customers
227,1,201.19,1,2,1,121,At Risk / Lost Customers
8,7,2154.97,5,5,5,555,Champions
189,1,319.02,1,2,2,122,At Risk / Lost Customers
4,2,439.43,5,3,2,532,Loyal Customers
39,3,650.41,3,4,3,343,Loyal Customers
38,1,357.21,3,2,2,322,Recent / New Customers
267,1,251.51999999999998,1,2,2,122,At Risk / Lost Customers
78,1,344.33,2,2,2,222,At Risk / Lost Customers
4,6,1852.0,5,5,4,554,Champions
255,2,1078.96,1,3,4,134,At Risk / Lost Customers
61,1,384.06,3,2,2,322,Recent / New Customers
13,7,1931.25,5,5,4,554,Champions
88,2,4481.35,2,3,5,235,Loyal Customers
17,10,5464.12,4,5,5,455,Champions
30,2,1873.2,4,3,4,434,Loyal Customers
3,7,1625.05,5,5,4,554,Champions
5,1,126.12,5,2,1,521,Recent / New Customers
7,6,1133.25,5,5,4,554,Champions
219,1,179.0,1,2,1,121,At Risk / Lost Customers
11,5,1614.31,5,4,4,544,Champions
30,6,1456.96,4,5,4,454,Champions
288,3,702.0,1,4,3,143,At Risk / Lost Customers
150,4,295.0,2,4,2,242,Loyal Customers
23,2,484.82,4,3,2,432,Loyal Customers
1,11,3989.57,5,5,5,555,Champions
86,3,1493.73,2,4,4,244,Loyal Customers
46,2,1412.94,3,3,4,334,Loyal Customers
5,4,781.78,5,4,3,543,Loyal Customers
51,6,889.9300000000001,3,5,3,353,Loyal Customers
18,1,195.36,4,2,1,421,Recent / New Customers
30,1,270.9,4,2,2,422,Recent / New Customers
8,3,586.33,5,4,3,543,Loyal Customers
29,3,1842.56,4,4,4,444,Champions
3,20,8694.26,5,5,5,555,Champions
41,2,920.1,3,3,3,333,Loyal Customers
11,4,1272.61,5,4,4,544,Champions
31,1,71.0,4,2,1,421,Recent / New Customers
45,3,95.85,3,4,1,341,About to Sleep
61,3,357.77,3,4,2,342,Loyal Customers
185,2,154.83,1,3,1,131,At Risk / Lost Customers
79,6,890.29,2,5,3,253,Loyal Customers
111,2,716.0,2,3,3,233,Loyal Customers
64,1,146.87,3,2,1,321,Recent / New Customers
12,2,380.35,5,3,2,532,Loyal Customers
86,3,1030.14,2,4,4,244,Loyal Customers
16,3,745.52,4,4,3,443,Loyal Customers
246,2,433.53000000000003,1,3,2,132,At Risk / Lost Customers
88,1,1267.32,2,2,4,224,At Risk / Lost Customers
30,1,112.4,4,2,1,421,Recent / New Customers
138,1,449.73,2,2,2,222,At Risk / Lost Customers
27,3,1081.57,4,4,4,444,Champions
3,5,1044.38,5,4,4,544,Champions
32,4,1735.18,4,4,4,444,Champions
25,1,948.48,4,2,4,424,About to Sleep
113,3,339.44,2,4,2,242,Loyal Customers
157,1,642.02,2,2,3,223,At Risk / Lost Customers
85,3,1100.9,2,4,4,244,Loyal Customers
118,3,925.35,2,4,3,243,Loyal Customers
3,9,5659.9800000000005,5,5,5,555,Champions
96,6,3228.84,2,5,5,255,Loyal Customers
194,1,247.14,1,2,1,121,At Risk / Lost Customers
28,1,413.75,4,2,2,422,Recent / New Customers
131,1,498.48,2,2,3,223,At Risk / Lost Customers
28,5,1356.33,4,4,4,444,Champions
82,3,1179.89,2,4,4,244,Loyal Customers
30,5,3095.04,4,4,5,445,Champions
266,1,234.24,1,2,1,121,At Risk / Lost Customers
74,11,5232.2300000000005,2,5,5,255,Loyal Customers
314,4,538.37,1,4,3,143,At Risk / Lost Customers
21,7,1461.14,4,5,4,454,Champions
59,3,859.35,3,4,3,343,Loyal Customers
12,21,4552.14,5,5,5,555,Champions
28,9,2709.7000000000003,4,5,5,455,Champions
114,1,312.14,2,2,2,222,At Risk / Lost Customers
28,9,2429.03,4,5,5,455,Champions
18,4,1446.09,4,4,4,444,Champions
18,4,834.12,4,4,3,443,Loyal Customers
36,3,841.0799999999999,3,4,3,343,Loyal Customers
36,2,378.2,3,3,2,332,Loyal Customers
78,1,118.80000000000001,2,2,1,221,At Risk / Lost Customers
22,2,287.62,4,3,2,432,Loyal Customers
25,2,290.16,4,3,2,432,Loyal Customers
33,2,2003.8500000000001,4,3,4,434,Loyal Customers
109,3,1405.78,2,4,4,244,Loyal Customers
35,2,2949.75,3,3,5,335,Loyal Customers
123,5,1566.65,2,4,4,244,Loyal Customers
7,6,2050.08,5,5,4,554,Champions
28,4,1991.01,4,4,4,444,Champions
4,7,2043.95,5,5,4,554,Champions
3,9,3827.76,5,5,5,555,Champions
50,4,1777.78,3,4,4,344,Loyal Customers
322,1,302.0,1,2,2,122,At Risk / Lost Customers
23,3,1324.16,4,4,4,444,Champions
15,4,1022.13,4,4,4,444,Champions
2,8,954.42,5,5,4,554,Champions
18,2,971.74,4,3,4,434,Loyal Customers
10,4,1621.73,5,4,4,544,Champions
262,1,25.5,1,2,1,121,At Risk / Lost Customers
159,2,665.78,2,3,3,233,Loyal Customers
33,6,10815.43,4,5,5,455,Champions
29,6,885.04,4,5,3,453,Loyal Customers
165,1,163.29999999999998,2,2,1,221,At Risk / Lost Customers
47,1,248.61,3,2,1,321,Recent / New Customers
6,8,808.62,5,5,3,553,Loyal Customers
8,3,837.5,5,4,3,543,Loyal Customers
288,1,116.2,1,2,1,121,At Risk / Lost Customers
318,1,157.02,1,2,1,121,At Risk / Lost Customers
3,2,606.91,5,3,3,533,Loyal Customers
233,1,307.46,1,2,2,122,At Risk / Lost Customers
119,1,138.32,2,2,1,221,At Risk / Lost Customers
162,1,345.3,2,2,2,222,At Risk / Lost Customers
185,1,298.89,1,2,2,122,At Risk / Lost Customers
50,1,259.35,3,2,2,322,Recent / New Customers
152,5,1004.75,2,4,4,244,Loyal Customers
335,1,157.09,1,2,1,121,At Risk / Lost Customers
5,5,2463.17,5,4,5,545,Champions
16,7,4892.240000000001,4,5,5,455,Champions
107,2,425.0,2,3,2,232,Loyal Customers
16,7,1139.73,4,5,4,454,Champions
276,1,380.5,1,2,2,122,At Risk / Lost Customers
16,12,10668.47,4,5,5,455,Champions
247,1,465.32,1,2,2,122,At Risk / Lost Customers
239,1,579.0,1,2,3,123,At Risk / Lost Customers
1,2,984.57,5,3,4,534,Loyal Customers
106,3,749.78,2,4,3,243,Loyal Customers
23,4,1714.59,4,4,4,444,Champions
52,1,124.88,3,2,1,321,Recent / New Customers
195,3,1689.5,1,4,4,144,At Risk / Lost Customers
24,1,213.78,4,2,1,421,Recent / New Customers
75,1,329.34,2,2,2,222,At Risk / Lost Customers
18,2,251.7,4,3,2,432,Loyal Customers
8,2,319.0,5,3,2,532,Loyal Customers
32,3,1266.97,4,4,4,444,Champions
22,3,1538.88,4,4,4,444,Champions
31,6,3518.03,4,5,5,455,Champions
29,10,1715.46,4,5,4,454,Champions
22,2,293.1,4,3,2,432,Loyal Customers
33,7,2467.35,4,5,5,455,Champions
284,1,158.68,1,2,1,121,At Risk / Lost Customers
39,2,206.34,3,3,1,331,About to Sleep
58,2,835.78,3,3,3,333,Loyal Customers
289,1,224.91,1,2,1,121,At Risk / Lost Customers
79,1,317.76,2,2,2,222,At Risk / Lost Customers
5,8,3766.6,5,5,5,555,Champions
218,1,59.9,1,2,1,121,At Risk / Lost Customers
44,4,1443.69,3,4,4,344,Loyal Customers
202,1,306.13,1,2,2,122,At Risk / Lost Customers
178,3,711.79,2,4,3,243,Loyal Customers
56,4,796.03,3,4,3,343,Loyal Customers
57,2,239.92000000000002,3,3,1,331,About to Sleep
8,6,3347.31,5,5,5,555,Champions
47,2,144.0,3,3,1,331,About to Sleep
227,1,203.95,1,2,1,121,At Risk / Lost Customers
11,7,2474.23,5,5,5,555,Champions
106,2,384.4,2,3,2,232,Loyal Customers
59,2,444.74,3,3,2,332,Loyal Customers
28,7,2095.13,4,5,5,455,Champions
36,7,1699.3,3,5,4,354,Loyal Customers
274,2,262.62,1,3,2,132,At Risk / Lost Customers
30,1,1013.01,4,2,4,424,About to Sleep
24,3,692.22,4,4,3,443,Loyal Customers
54,1,342.63,3,2,2,322,Recent / New Customers
36,6,3563.85,3,5,5,355,Loyal Customers
175,4,1564.56,2,4,4,244,Loyal Customers
54,1,384.08,3,2,2,322,Recent / New Customers
53,1,204.24,3,2,1,321,Recent / New Customers
27,8,2317.2200000000003,4,5,5,455,Champions
253,1,226.85,1,2,1,121,At Risk / Lost Customers
40,7,2781.23,3,5,5,355,Loyal Customers
60,6,1069.1200000000001,3,5,4,354,Loyal Customers
234,1,113.5,1,2,1,121,At Risk / Lost Customers
4,10,1960.72,5,5,4,554,Champions
32,1,114.23,4,2,1,421,Recent / New Customers
24,14,3198.25,4,5,5,455,Champions
7,2,335.13,5,3,2,532,Loyal Customers
65,1,354.15,3,2,2,322,Recent / New Customers
310,2,426.79,1,3,2,132,At Risk / Lost Customers
309,1,393.49,1,2,2,122,At Risk / Lost Customers
19,6,939.32,4,5,3,453,Loyal Customers
16,8,1906.09,4,5,4,454,Champions
96,2,318.76,2,3,2,232,Loyal Customers
264,8,3638.41,1,5,5,155,At Risk / Lost Customers
12,10,3174.32,5,5,5,555,Champions
3,2,421.52,5,3,2,532,Loyal Customers
35,1,190.88,3,2,1,321,Recent / New Customers
183,1,149.89,1,2,1,121,At Risk / Lost Customers
25,2,550.0600000000001,4,3,3,433,Loyal Customers
13,6,916.13,5,5,3,553,Loyal Customers
11,2,314.69,5,3,2,532,Loyal Customers
3,17,3744.65,5,5,5,555,Champions
313,1,382.5,1,2,2,122,At Risk / Lost Customers
108,2,1135.04,2,3,4,234,Loyal Customers
1,26,8676.85,5,5,5,555,Champions
53,1,954.9,3,2,4,324,About to Sleep
205,1,171.45000000000002,1,2,1,121,At Risk / Lost Customers
15,1,282.19,4,2,2,422,Recent / New Customers
120,1,318.65,2,2,2,222,At Risk / Lost Customers
4,2,384.52,5,3,2,532,Loyal Customers
363,1,283.28000000000003,1,2,2,122,At Risk / Lost Customers
117,2,353.86,2,3,2,232,Loyal Customers
18,1,178.26,4,2,1,421,Recent / New Customers
5,2,272.44,5,3,2,532,Loyal Customers
41,2,298.41,3,3,2,332,Loyal Customers
107,2,240.0,2,3,1,231,At Risk / Lost Customers
148,2,603.37,2,3,3,233,Loyal Customers
52,5,1253.3600000000001,3,4,4,344,Loyal Customers
208,1,63.440000000000005,1,2,1,121,At Risk / Lost Customers
139,2,562.9,2,3,3,233,Loyal Customers
2,3,310.64,5,4,2,542,Loyal Customers
127,2,317.62,2,3,2,232,Loyal Customers
108,4,763.64,2,4,3,243,Loyal Customers
42,4,2148.63,3,4,5,345,Loyal Customers
35,1,111.98,3,2,1,321,Recent / New Customers
228,2,1065.3500000000001,1,3,4,134,At Risk / Lost Customers
241,1,246.04000000000002,1,2,1,121,At Risk / Lost Customers
58,1,187.82999999999998,3,2,1,321,Recent / New Customers
130,3,1703.41,2,4,4,244,Loyal Customers
60,6,1652.58,3,5,4,354,Loyal Customers
22,1,153.92,4,2,1,421,Recent / New Customers
26,7,1064.11,4,5,4,454,Champions
9,7,1419.73,5,5,4,554,Champions
32,3,944.41,4,4,4,444,Champions
4,2,525.24,5,3,3,533,Loyal Customers
308,1,550.8000000000001,1,2,3,123,At Risk / Lost Customers
8,9,1875.11,5,5,4,554,Champions
29,3,556.95,4,4,3,443,Loyal Customers
17,1,131.78,4,2,1,421,Recent / New Customers
101,2,498.42,2,3,3,233,Loyal Customers
12,4,669.11,5,4,3,543,Loyal Customers
21,1,197.63,4,2,1,421,Recent / New Customers
15,5,1135.63,4,4,4,444,Champions
361,1,250.04,1,2,1,121,At Risk / Lost Customers
11,19,8631.31,5,5,5,555,Champions
95,1,82.75,2,2,1,221,At Risk / Lost Customers
78,2,1384.85,2,3,4,234,Loyal Customers
139,3,644.3,2,4,3,243,Loyal Customers
31,1,2328.84,4,2,5,425,About to Sleep
25,8,2527.92,4,5,5,455,Champions
2,38,6292.26,5,5,5,555,Champions
46,3,2600.34,3,4,5,345,Loyal Customers
100,3,1200.6200000000001,2,4,4,244,Loyal Customers
8,2,700.86,5,3,3,533,Loyal Customers
15,7,921.0699999999999,4,5,3,453,Loyal Customers
18,4,990.23,4,4,4,444,Champions
280,1,96.8,1,2,1,121,At Risk / Lost Customers
14,2,523.11,4,3,3,433,Loyal Customers
23,2,363.9,4,3,2,432,Loyal Customers
124,1,175.2,2,2,1,221,At Risk / Lost Customers
86,1,494.25,2,2,3,223,At Risk / Lost Customers
302,2,307.02000000000004,1,3,2,132,At Risk / Lost Customers
151,4,2027.8700000000001,2,4,4,244,Loyal Customers
17,8,6643.93,4,5,5,455,Champions
94,2,243.36,2,3,1,231,At Risk / Lost Customers
30,11,12353.29,4,5,5,455,Champions
157,3,781.36,2,4,3,243,Loyal Customers
355,1,193.64,1,2,1,121,At Risk / Lost Customers
46,1,160.57,3,2,1,321,Recent / New Customers
15,4,537.74,4,4,3,443,Loyal Customers
4,15,2676.56,5,5,5,555,Champions
86,1,228.96,2,2,1,221,At Risk / Lost Customers
15,5,1159.52,4,4,4,444,Champions
179,1,110.75,2,2,1,221,At Risk / Lost Customers
8,4,1286.07,5,4,4,544,Champions
36,3,587.15,3,4,3,343,Loyal Customers
129,2,1740.0,2,3,4,234,Loyal Customers
51,1,1393.06,3,2,4,324,About to Sleep
312,1,178.22,1,2,1,121,At Risk / Lost Customers
24,2,388.14,4,3,2,432,Loyal Customers
303,2,365.85,1,3,2,132,At Risk / Lost Customers
11,1,127.86,5,2,1,521,Recent / New Customers
17,3,585.79,4,4,3,443,Loyal Customers
49,3,488.2,3,4,2,342,Loyal Customers
239,2,312.23,1,3,2,132,At Risk / Lost Customers
1,11,4481.18,5,5,5,555,Champions
13,8,4801.56,5,5,5,555,Champions
238,1,168.4,1,2,1,121,At Risk / Lost Customers
23,8,1912.67,4,5,4,454,Champions
73,4,446.18,2,4,2,242,Loyal Customers
17,3,423.89,4,4,2,442,Loyal Customers
41,8,1342.68,3,5,4,354,Loyal Customers
40,4,646.92,3,4,3,343,Loyal Customers
219,2,495.77,1,3,3,133,At Risk / Lost Customers
199,3,400.1,1,4,2,142,At Risk / Lost Customers
71,2,203.2,3,3,1,331,About to Sleep
24,20,4100.92,4,5,5,455,Champions
11,1,404.66,5,2,2,522,Recent / New Customers
9,29,20275.61,5,5,5,555,Champions
65,1,65.4,3,2,1,321,Recent / New Customers
4,1,199.29,5,2,1,521,Recent / New Customers
19,2,336.4,4,3,2,432,Loyal Customers
15,1,261.11,4,2,2,422,Recent / New Customers
8,6,2686.42,5,5,5,555,Champions
20,2,784.11,4,3,3,433,Loyal Customers
78,4,1259.56,2,4,4,244,Loyal Customers
1,34,31833.68,5,5,5,555,Champions
164,2,508.8,2,3,3,233,Loyal Customers
307,2,457.91,1,3,2,132,At Risk / Lost Customers
219,1,203.86999999999998,1,2,1,121,At Risk / Lost Customers
39,8,7330.8,3,5,5,355,Loyal Customers
22,2,696.41,4,3,3,433,Loyal Customers
115,3,653.38,2,4,3,243,Loyal Customers
126,5,2129.96,2,4,5,245,Loyal Customers
5,13,2633.85,5,5,5,555,Champions
36,1,281.62,3,2,2,322,Recent / New Customers
4,15,31906.82,5,5,5,555,Champions
1,3,1031.41,5,4,4,544,Champions
333,3,2200.42,1,4,5,145,At Risk / Lost Customers
163,1,32.65,2,2,1,221,At Risk / Lost Customers
185,2,771.85,1,3,3,133,At Risk / Lost Customers
16,5,1214.72,4,4,4,444,Champions
12,3,778.94,5,4,3,543,Loyal Customers
3,7,1258.06,5,5,4,554,Champions
44,2,778.0,3,3,3,333,Loyal Customers
80,1,507.84,2,2,3,223,At Risk / Lost Customers
30,7,6893.42,4,5,5,455,Champions
42,2,463.46000000000004,3,3,2,332,Loyal Customers
11,12,4226.57,5,5,5,555,Champions
50,3,598.83,3,4,3,343,Loyal Customers
16,6,1979.37,4,5,4,454,Champions
46,2,698.41,3,3,3,333,Loyal Customers
19,2,759.1700000000001,4,3,3,433,Loyal Customers
8,6,5037.26,5,5,5,555,Champions
72,1,100.8,3,2,1,321,Recent / New Customers
1,28,17256.85,5,5,5,555,Champions
128,3,524.9200000000001,2,4,3,243,Loyal Customers
33,2,265.76,4,3,2,432,Loyal Customers
313,1,403.3,1,2,2,122,At Risk / Lost Customers
18,2,365.76,4,3,2,432,Loyal Customers
88,1,303.16,2,2,2,222,At Risk / Lost Customers
2,7,2373.82,5,5,5,555,Champions
2,2,216.3,5,3,1,531,About to Sleep
254,1,388.45000000000005,1,2,2,122,At Risk / Lost Customers
157,3,186.42000000000002,2,4,1,241,At Risk / Lost Customers
37,6,2248.56,3,5,5,355,Loyal Customers
220,1,534.24,1,2,3,123,At Risk / Lost Customers
148,3,2940.04,2,4,5,245,Loyal Customers
177,2,120.89999999999999,2,3,1,231,At Risk / Lost Customers
40,2,541.53,3,3,3,333,Loyal Customers
2,7,2520.86,5,5,5,555,Champions
8,46,194550.79,5,5,5,555,Champions
1,7,1721.4,5,5,4,554,Champions
18,2,486.72,4,3,2,432,Loyal Customers
192,4,517.53,1,4,3,143,At Risk / Lost Customers
204,1,131.7,1,2,1,121,At Risk / Lost Customers
365,1,249.86,1,2,1,121,At Risk / Lost Customers
127,5,1737.7,2,4,4,244,Loyal Customers
15,1,316.5,4,2,2,422,Recent / New Customers
43,2,657.3,3,3,3,333,Loyal Customers
94,6,622.4300000000001,2,5,3,253,Loyal Customers
23,3,757.46,4,4,3,443,Loyal Customers
60,2,675.69,3,3,3,333,Loyal Customers
16,5,1896.41,4,4,4,444,Champions
158,1,289.96000000000004,2,2,2,222,At Risk / Lost Customers
10,2,763.28,5,3,3,533,Loyal Customers
10,2,137.0,5,3,1,531,About to Sleep
16,5,1870.97,4,4,4,444,Champions
45,5,1125.07,3,4,4,344,Loyal Customers
191,3,710.29,1,4,3,143,At Risk / Lost Customers
79,1,194.37,2,2,1,221,At Risk / Lost Customers
78,1,511.82,2,2,3,223,At Risk / Lost Customers
4,4,1255.59,5,4,4,544,Champions
65,3,414.04,3,4,2,342,Loyal Customers
261,1,396.87,1,2,2,122,At Risk / Lost Customers
59,2,376.64,3,3,2,332,Loyal Customers
1,7,2092.32,5,5,5,555,Champions
1,10,3558.87,5,5,5,555,Champions
248,1,374.57,1,2,2,122,At Risk / Lost Customers
8,2,497.56,5,3,3,533,Loyal Customers
359,1,271.05,1,2,2,122,At Risk / Lost Customers
76,1,272.21999999999997,2,2,2,222,At Risk / Lost Customers
290,1,622.88,1,2,3,123,At Risk / Lost Customers
17,3,1138.0,4,4,4,444,Champions
221,2,288.6,1,3,2,132,At Risk / Lost Customers
9,4,689.1,5,4,3,543,Loyal Customers
3,2,558.96,5,3,3,533,Loyal Customers
206,9,2997.03,1,5,5,155,At Risk / Lost Customers
162,2,1145.8400000000001,2,3,4,234,Loyal Customers
76,1,302.2,2,2,2,222,At Risk / Lost Customers
262,2,605.58,1,3,3,133,At Risk / Lost Customers
281,1,387.31,1,2,2,122,At Risk / Lost Customers
58,8,6115.14,3,5,5,355,Loyal Customers
25,1,308.48,4,2,2,422,Recent / New Customers
3,31,91062.38,5,5,5,555,Champions
29,10,2924.9900000000002,4,5,5,455,Champions
72,1,513.2,3,2,3,323,About to Sleep
128,1,208.65,2,2,1,221,At Risk / Lost Customers
31,4,639.02,4,4,3,443,Loyal Customers
15,5,768.08,4,4,3,443,Loyal Customers
309,1,153.94,1,2,1,121,At Risk / Lost Customers
17,6,1844.02,4,5,4,454,Champions
54,1,546.81,3,2,3,323,About to Sleep
30,3,723.21,4,4,3,443,Loyal Customers
2,5,1070.71,5,4,4,544,Champions
11,4,652.74,5,4,3,543,Loyal Customers
361,1,145.0,1,2,1,121,At Risk / Lost Customers
360,1,422.7,1,2,2,122,At Risk / Lost Customers
5,4,1195.8999999999999,5,4,4,544,Champions
54,4,939.37,3,4,3,343,Loyal Customers
1,8,3628.5,5,5,5,555,Champions
1,10,2385.0,5,5,5,555,Champions
190,1,296.7,1,2,2,122,At Risk / Lost Customers
54,1,223.36,3,2,1,321,Recent / New Customers
280,1,164.4,1,2,1,121,At Risk / Lost Customers
177,1,76.5,2,2,1,221,At Risk / Lost Customers
30,2,897.62,4,3,3,433,Loyal Customers
26,1,98.42,4,2,1,421,Recent / New Customers
25,2,578.9,4,3,3,433,Loyal Customers
270,1,170.75,1,2,1,121,At Risk / Lost Customers
43,3,645.96,3,4,3,343,Loyal Customers
234,1,103.3,1,2,1,121,At Risk / Lost Customers
24,2,148.86,4,3,1,431,About to Sleep
197,3,267.16,1,4,2,142,At Risk / Lost Customers
359,1,306.84,1,2,2,122,At Risk / Lost Customers
60,4,930.41,3,4,3,343,Loyal Customers
130,1,1487.6,2,2,4,224,At Risk / Lost Customers
1,5,1952.45,5,4,4,544,Champions
20,2,483.26,4,3,2,432,Loyal Customers
206,1,157.9,1,2,1,121,At Risk / Lost Customers
14,3,541.46,4,4,3,443,Loyal Customers
95,4,854.95,2,4,3,243,Loyal Customers
19,1,167.62,4,2,1,421,Recent / New Customers
14,7,1122.38,4,5,4,454,Champions
24,3,454.01,4,4,2,442,Loyal Customers
8,2,901.21,5,3,3,533,Loyal Customers
7,8,4331.48,5,5,5,555,Champions
332,1,344.14,1,2,2,122,At Risk / Lost Customers
50,4,1498.51,3,4,4,344,Loyal Customers
71,4,226.75000000000003,3,4,1,341,About to Sleep
29,3,380.6,4,4,2,442,Loyal Customers
243,1,185.65,1,2,1,121,At Risk / Lost Customers
8,19,3622.68,5,5,5,555,Champions
218,1,143.45999999999998,1,2,1,121,At Risk / Lost Customers
5,3,448.90000000000003,5,4,2,542,Loyal Customers
253,3,215.72,1,4,1,141,At Risk / Lost Customers
1,25,11045.04,5,5,5,555,Champions
236,1,175.27,1,2,1,121,At Risk / Lost Customers
7,2,1242.3,5,3,4,534,Loyal Customers
109,4,1133.07,2,4,4,244,Loyal Customers
100,3,1240.2,2,4,4,244,Loyal Customers
60,4,2404.17,3,4,5,345,Loyal Customers
2,3,1479.22,5,4,4,544,Champions
73,7,2225.9700000000003,2,5,5,255,Loyal Customers
4,5,3927.34,5,4,5,545,Champions
85,2,993.1800000000001,2,3,4,234,Loyal Customers
12,2,388.79,5,3,2,532,Loyal Customers
23,7,2827.93,4,5,5,455,Champions
214,1,2044.3700000000001,1,2,4,124,At Risk / Lost Customers
18,1,161.67000000000002,4,2,1,421,Recent / New Customers
239,1,116.00999999999999,1,2,1,121,At Risk / Lost Customers
2,6,5102.97,5,5,5,555,Champions
78,1,394.72,2,2,2,222,At Risk / Lost Customers
217,2,309.36,1,3,2,132,At Risk / Lost Customers
33,2,193.42,4,3,1,431,About to Sleep
41,5,1112.22,3,4,4,344,Loyal Customers
7,15,3984.22,5,5,5,555,Champions
53,6,2048.45,3,5,4,354,Loyal Customers
23,14,4559.150000000001,4,5,5,455,Champions
57,1,390.07,3,2,2,322,Recent / New Customers
130,3,329.6,2,4,2,242,Loyal Customers
174,3,571.1999999999999,2,4,3,243,Loyal Customers
6,3,971.58,5,4,4,544,Champions
312,1,218.52,1,2,1,121,At Risk / Lost Customers
60,1,81.44,3,2,1,321,Recent / New Customers
21,3,1379.9,4,4,4,444,Champions
33,1,527.05,4,2,3,423,About to Sleep
15,2,843.48,4,3,3,433,Loyal Customers
18,4,2047.0,4,4,4,444,Champions
81,1,75.75,2,2,1,221,At Risk / Lost Customers
6,8,1814.1200000000001,5,5,4,554,Champions
170,2,503.6,2,3,3,233,Loyal Customers
2,3,528.33,5,4,3,543,Loyal Customers
31,4,1324.84,4,4,4,444,Champions
36,9,2361.9700000000003,3,5,5,355,Loyal Customers
19,1,285.56,4,2,2,422,Recent / New Customers
31,2,547.0600000000001,4,3,3,433,Loyal Customers
276,1,108.5,1,2,1,121,At Risk / Lost Customers
87,1,621.66,2,2,3,223,At Risk / Lost Customers
120,2,712.29,2,3,3,233,Loyal Customers
373,1,101.55,1,2,1,121,At Risk / Lost Customers
1,11,2895.64,5,5,5,555,Champions
219,3,1008.39,1,4,4,144,At Risk / Lost Customers
65,1,133.06,3,2,1,321,Recent / New Customers
61,4,1797.5,3,4,4,344,Loyal Customers
138,1,868.49,2,2,3,223,At Risk / Lost Customers
21,1,166.07999999999998,4,2,1,421,Recent / New Customers
12,10,3945.0,5,5,5,555,Champions
25,12,4867.72,4,5,5,455,Champions
37,4,1207.56,3,4,4,344,Loyal Customers
277,1,117.55,1,2,1,121,At Risk / Lost Customers
11,7,2638.94,5,5,5,555,Champions
73,5,1674.69,2,4,4,244,Loyal Customers
26,2,595.42,4,3,3,433,Loyal Customers
17,12,2999.46,4,5,5,455,Champions
141,1,196.0,2,2,1,221,At Risk / Lost Customers
26,7,1802.91,4,5,4,454,Champions
19,2,604.64,4,3,3,433,Loyal Customers
4,2,728.16,5,3,3,533,Loyal Customers
66,5,2055.51,3,4,4,344,Loyal Customers
1,2,347.75,5,3,2,532,Loyal Customers
43,7,3406.7200000000003,3,5,5,355,Loyal Customers
228,1,205.7,1,2,1,121,At Risk / Lost Customers
16,4,1572.71,4,4,4,444,Champions
50,2,3178.17,3,3,5,335,Loyal Customers
2,6,1629.12,5,5,4,554,Champions
74,2,551.04,2,3,3,233,Loyal Customers
1,31,20374.28,5,5,5,555,Champions
4,6,1387.68,5,5,4,554,Champions
2,30,16363.23,5,5,5,555,Champions
264,1,298.11,1,2,2,122,At Risk / Lost Customers
53,2,1992.1100000000001,3,3,4,334,Loyal Customers
24,1,184.4,4,2,1,421,Recent / New Customers
10,6,2474.33,5,5,5,555,Champions
44,1,239.41,3,2,1,321,Recent / New Customers
17,7,3191.53,4,5,5,455,Champions
7,7,5739.46,5,5,5,555,Champions
30,15,4757.95,4,5,5,455,Champions
358,2,290.40000000000003,1,3,2,132,At Risk / Lost Customers
127,4,740.94,2,4,3,243,Loyal Customers
137,1,200.47,2,2,1,221,At Risk / Lost Customers
142,1,283.12,2,2,2,222,At Risk / Lost Customers
132,2,765.34,2,3,3,233,Loyal Customers
38,8,2285.71,3,5,5,355,Loyal Customers
236,1,338.95,1,2,2,122,At Risk / Lost Customers
261,1,154.95,1,2,1,121,At Risk / Lost Customers
17,4,2534.64,4,4,5,445,Champions
253,1,417.95,1,2,2,122,At Risk / Lost Customers
30,4,1824.37,4,4,4,444,Champions
35,3,798.74,3,4,3,343,Loyal Customers
169,2,885.19,2,3,3,233,Loyal Customers
3,9,1823.52,5,5,4,554,Champions
4,17,10504.49,5,5,5,555,Champions
185,2,152.4,1,3,1,131,At Risk / Lost Customers
188,2,267.08,1,3,2,132,At Risk / Lost Customers
170,1,137.45,2,2,1,221,At Risk / Lost Customers
11,2,385.1,5,3,2,532,Loyal Customers
45,1,522.91,3,2,3,323,About to Sleep
321,1,153.0,1,2,1,121,At Risk / Lost Customers
201,1,326.4,1,2,2,122,At Risk / Lost Customers
23,11,5655.99,4,5,5,455,Champions
232,1,139.35,1,2,1,121,At Risk / Lost Customers
38,15,5396.04,3,5,5,355,Loyal Customers
26,4,1195.94,4,4,4,444,Champions
96,4,2424.04,2,4,5,245,Loyal Customers
127,6,3276.4000000000005,2,5,5,255,Loyal Customers
71,3,1033.0,3,4,4,344,Loyal Customers
16,11,3439.08,4,5,5,455,Champions
15,1,1060.25,4,2,4,424,About to Sleep
4,3,2876.01,5,4,5,545,Champions
3,13,5298.4800000000005,5,5,5,555,Champions
79,4,1240.11,2,4,4,244,Loyal Customers
373,1,303.97,1,2,2,122,At Risk / Lost Customers
39,2,692.19,3,3,3,333,Loyal Customers
54,3,700.63,3,4,3,343,Loyal Customers
2,19,13110.02,5,5,5,555,Champions
9,3,377.44,5,4,2,542,Loyal Customers
9,2,168.24,5,3,1,531,About to Sleep
19,4,1879.05,4,4,4,444,Champions
12,7,2791.35,5,5,5,555,Champions
113,2,355.11,2,3,2,232,Loyal Customers
4,6,2322.4,5,5,5,555,Champions
240,1,110.25,1,2,1,121,At Risk / Lost Customers
113,1,71.4,2,2,1,221,At Risk / Lost Customers
178,2,674.52,2,3,3,233,Loyal Customers
5,9,1797.57,5,5,4,554,Champions
359,1,80.64,1,2,1,121,At Risk / Lost Customers
1,5,1772.26,5,4,4,544,Champions
1,30,5605.29,5,5,5,555,Champions
19,8,3456.7,4,5,5,455,Champions
17,3,834.99,4,4,3,443,Loyal Customers
22,2,287.59,4,3,2,432,Loyal Customers
33,1,712.78,4,2,3,423,About to Sleep
263,1,15.0,1,2,1,121,At Risk / Lost Customers
51,2,818.82,3,3,3,333,Loyal Customers
159,3,371.88,2,4,2,242,Loyal Customers
15,1,271.2,4,2,2,422,Recent / New Customers
8,3,2273.1800000000003,5,4,5,545,Champions
13,10,3997.98,5,5,5,555,Champions
199,5,1143.27,1,4,4,144,At Risk / Lost Customers
57,2,245.81,3,3,1,331,About to Sleep
11,2,182.77,5,3,1,531,About to Sleep
97,4,1225.41,2,4,4,244,Loyal Customers
255,1,56.4,1,2,1,121,At Risk / Lost Customers
25,3,665.86,4,4,3,443,Loyal Customers
21,3,658.57,4,4,3,443,Loyal Customers
159,2,188.02,2,3,1,231,At Risk / Lost Customers
72,2,283.47,3,3,2,332,Loyal Customers
53,1,131.94,3,2,1,321,Recent / New Customers
85,2,278.74,2,3,2,232,Loyal Customers
153,4,1865.19,2,4,4,244,Loyal Customers
74,2,1117.9,2,3,4,234,Loyal Customers
281,1,225.9,1,2,1,121,At Risk / Lost Customers
27,14,1965.55,4,5,4,454,Champions
30,1,106.1,4,2,1,421,Recent / New Customers
25,1,323.04,4,2,2,422,Recent / New Customers
180,2,350.39,1,3,2,132,At Risk / Lost Customers
40,4,697.9,3,4,3,343,Loyal Customers
22,3,780.43,4,4,3,443,Loyal Customers
22,10,3055.93,4,5,5,455,Champions
37,9,1199.01,3,5,4,354,Loyal Customers
82,3,1285.04,2,4,4,244,Loyal Customers
74,1,512.31,2,2,3,223,At Risk / Lost Customers
11,1,546.04,5,2,3,523,About to Sleep
16,12,5411.91,4,5,5,455,Champions
4,39,7837.7300000000005,5,5,5,555,Champions
13,4,732.16,5,4,3,543,Loyal Customers
14,5,1770.88,4,4,4,444,Champions
37,4,36.56,3,4,1,341,About to Sleep
4,3,387.68,5,4,2,542,Loyal Customers
72,7,3704.87,3,5,5,355,Loyal Customers
51,1,298.4,3,2,2,322,Recent / New Customers
5,5,1995.46,5,4,4,544,Champions
23,4,1820.09,4,4,4,444,Champions
299,1,889.24,1,2,3,123,At Risk / Lost Customers
2,3,398.7,5,4,2,542,Loyal Customers
33,1,35.400000000000006,4,2,1,421,Recent / New Customers
50,1,155.37,3,2,1,321,Recent / New Customers
3,3,350.64,5,4,2,542,Loyal Customers
47,1,110.21000000000001,3,2,1,321,Recent / New Customers
42,8,1593.38,3,5,4,354,Loyal Customers
27,5,2779.3,4,4,5,445,Champions
42,1,338.8,3,2,2,322,Recent / New Customers
2,124,40991.57,5,5,5,555,Champions
303,1,205.48,1,2,1,121,At Risk / Lost Customers
107,1,51.559999999999995,2,2,1,221,At Risk / Lost Customers
85,1,2033.1,2,2,4,224,At Risk / Lost Customers
81,9,901.2,2,5,3,253,Loyal Customers
218,4,605.8000000000001,1,4,3,143,At Risk / Lost Customers
372,34,5391.21,1,5,5,155,At Risk / Lost Customers
12,2,114.34,5,3,1,531,About to Sleep
185,2,311.26,1,3,2,132,At Risk / Lost Customers
373,1,208.97,1,2,1,121,At Risk / Lost Customers
2,4,1418.03,5,4,4,544,Champions
4,23,26879.04,5,5,5,555,Champions
6,12,5155.66,5,5,5,555,Champions
305,1,148.21,1,2,1,121,At Risk / Lost Customers
369,1,252.8,1,2,2,122,At Risk / Lost Customers
3,8,2100.8,5,5,5,555,Champions
324,1,330.9,1,2,2,122,At Risk / Lost Customers
59,6,3160.0,3,5,5,355,Loyal Customers
13,3,597.5,5,4,3,543,Loyal Customers
31,20,10526.32,4,5,5,455,Champions
143,1,329.65000000000003,2,2,2,222,At Risk / Lost Customers
30,6,1197.1000000000001,4,5,4,454,Champions
107,5,428.18,2,4,2,242,Loyal Customers
2,12,1894.35,5,5,4,554,Champions
205,1,155.9,1,2,1,121,At Risk / Lost Customers
80,5,1859.16,2,4,4,244,Loyal Customers
185,6,683.46,1,5,3,153,At Risk / Lost Customers
170,1,237.61,2,2,1,221,At Risk / Lost Customers
44,1,379.45,3,2,2,322,Recent / New Customers
174,1,178.52,2,2,1,221,At Risk / Lost Customers
365,1,458.92,1,2,2,122,At Risk / Lost Customers
304,1,133.35,1,2,1,121,At Risk / Lost Customers
3,4,671.77,5,4,3,543,Loyal Customers
4,4,717.45,5,4,3,543,Loyal Customers
12,1,190.19,5,2,1,521,Recent / New Customers
32,3,899.61,4,4,3,443,Loyal Customers
129,1,111.35,2,2,1,221,At Risk / Lost Customers
21,8,726.05,4,5,3,453,Loyal Customers
212,2,203.87,1,3,1,131,At Risk / Lost Customers
323,2,602.09,1,3,3,133,At Risk / Lost Customers
162,1,203.85999999999999,2,2,1,221,At Risk / Lost Customers
56,3,244.1,3,4,1,341,About to Sleep
225,1,112.25,1,2,1,121,At Risk / Lost Customers
72,8,1119.81,3,5,4,354,Loyal Customers
44,1,98.0,3,2,1,321,Recent / New Customers
23,1,256.32,4,2,2,422,Recent / New Customers
173,3,566.6,2,4,3,243,Loyal Customers
85,2,152.06,2,3,1,231,At Risk / Lost Customers
159,1,155.8,2,2,1,221,At Risk / Lost Customers
190,2,112.19999999999999,1,3,1,131,At Risk / Lost Customers
29,1,110.38,4,2,1,421,Recent / New Customers
21,1,191.67000000000002,4,2,1,421,Recent / New Customers
71,4,800.24,3,4,3,343,Loyal Customers
247,1,72.9,1,2,1,121,At Risk / Lost Customers
374,1,243.28,1,2,1,121,At Risk / Lost Customers
9,1,366.23,5,2,2,522,Recent / New Customers
310,5,311.01,1,4,2,142,At Risk / Lost Customers
59,2,411.6,3,3,2,332,Loyal Customers
4,1,336.43,5,2,2,522,Recent / New Customers
45,3,341.28,3,4,2,342,Loyal Customers
88,1,1304.04,2,2,4,224,At Risk / Lost Customers
4,17,4204.1,5,5,5,555,Champions
64,4,826.52,3,4,3,343,Loyal Customers
282,1,207.50000000000003,1,2,1,121,At Risk / Lost Customers
12,7,2962.5,5,5,5,555,Champions
373,1,244.08,1,2,1,121,At Risk / Lost Customers
133,2,397.29,2,3,2,232,Loyal Customers
45,2,212.54,3,3,1,331,About to Sleep
11,4,843.0,5,4,3,543,Loyal Customers
36,5,1740.48,3,4,4,344,Loyal Customers
134,2,408.36,2,3,2,232,Loyal Customers
29,3,1331.57,4,4,4,444,Champions
52,2,704.25,3,3,3,333,Loyal Customers
138,2,145.79,2,3,1,231,At Risk / Lost Customers
5,1,389.84,5,2,2,522,Recent / New Customers
9,7,4301.22,5,5,5,555,Champions
160,1,99.14,2,2,1,221,At Risk / Lost Customers
49,10,4106.4400000000005,3,5,5,355,Loyal Customers
131,1,304.56,2,2,2,222,At Risk / Lost Customers
8,1,77.50000000000001,5,2,1,521,Recent / New Customers
233,2,149.57999999999998,1,3,1,131,At Risk / Lost Customers
37,1,176.68,3,2,1,321,Recent / New Customers
147,1,358.56000000000006,2,2,2,222,At Risk / Lost Customers
1,45,58510.48,5,5,5,555,Champions
72,3,482.2,3,4,2,342,Loyal Customers
40,3,1008.5400000000001,3,4,4,344,Loyal Customers
5,12,2332.72,5,5,5,555,Champions
199,4,557.3,1,4,3,143,At Risk / Lost Customers
249,1,12.75,1,2,1,121,At Risk / Lost Customers
66,1,111.68,3,2,1,321,Recent / New Customers
117,1,508.46000000000004,2,2,3,223,At Risk / Lost Customers
171,1,73.78,2,2,1,221,At Risk / Lost Customers
21,39,1296.44,4,5,4,454,Champions
142,1,102.83,2,2,1,221,At Risk / Lost Customers
32,2,471.7,4,3,2,432,Loyal Customers
38,14,2622.57,3,5,5,355,Loyal Customers
38,5,1098.43,3,4,4,344,Loyal Customers
372,1,123.07,1,2,1,121,At Risk / Lost Customers
374,1,277.35,1,2,2,122,At Risk / Lost Customers
166,2,228.2,2,3,1,231,At Risk / Lost Customers
211,1,582.59,1,2,3,123,At Risk / Lost Customers
242,1,136.04,1,2,1,121,At Risk / Lost Customers
52,1,337.04,3,2,2,322,Recent / New Customers
25,3,740.79,4,4,3,443,Loyal Customers
15,13,4488.81,4,5,5,455,Champions
372,1,353.19,1,2,2,122,At Risk / Lost Customers
29,1,288.14,4,2,2,422,Recent / New Customers
365,1,300.91999999999996,1,2,2,122,At Risk / Lost Customers
36,4,757.71,3,4,3,343,Loyal Customers
166,3,811.45,2,4,3,243,Loyal Customers
145,1,152.68,2,2,1,221,At Risk / Lost Customers
22,1,634.95,4,2,3,423,About to Sleep
56,1,20.8,3,2,1,321,Recent / New Customers
185,1,198.57,1,2,1,121,At Risk / Lost Customers
12,7,201.12,5,5,1,551,About to Sleep
237,3,630.84,1,4,3,143,At Risk / Lost Customers
225,2,93.35,1,3,1,131,At Risk / Lost Customers
122,4,678.49,2,4,3,243,Loyal Customers
282,1,76.1,1,2,1,121,At Risk / Lost Customers
74,8,1970.67,2,5,4,254,Loyal Customers
37,2,382.06,3,3,2,332,Loyal Customers
12,2,417.23,5,3,2,532,Loyal Customers
362,1,169.47,1,2,1,121,At Risk / Lost Customers
4,2,249.72,5,3,1,531,About to Sleep
23,1,444.68,4,2,2,422,Recent / New Customers
70,9,2116.19,3,5,5,355,Loyal Customers
235,1,257.34,1,2,2,122,At Risk / Lost Customers
257,1,174.8,1,2,1,121,At Risk / Lost Customers
373,1,102.78999999999999,1,2,1,121,At Risk / Lost Customers
155,2,187.29,2,3,1,231,At Risk / Lost Customers
28,1,166.42,4,2,1,421,Recent / New Customers
4,1,120.03,5,2,1,521,Recent / New Customers
32,5,1483.56,4,4,4,444,Champions
81,3,523.0,2,4,3,243,Loyal Customers
108,2,122.14,2,3,1,231,At Risk / Lost Customers
52,1,38.45,3,2,1,321,Recent / New Customers
36,1,668.11,3,2,3,323,About to Sleep
153,2,389.78,2,3,2,232,Loyal Customers
99,1,115.31,2,2,1,221,At Risk / Lost Customers
4,2,230.64999999999998,5,3,1,531,About to Sleep
334,1,73.5,1,2,1,121,At Risk / Lost Customers
65,1,97.97,3,2,1,321,Recent / New Customers
22,2,422.88,4,3,2,432,Loyal Customers
36,3,730.4,3,4,3,343,Loyal Customers
32,3,405.62,4,4,2,442,Loyal Customers
154,6,70.02,2,5,1,251,At Risk / Lost Customers
19,2,357.20000000000005,4,3,2,432,Loyal Customers
12,21,4183.39,5,5,5,555,Champions
54,1,165.04999999999998,3,2,1,321,Recent / New Customers
25,3,559.51,4,4,3,443,Loyal Customers
4,10,2088.6,5,5,5,555,Champions
45,1,189.4,3,2,1,321,Recent / New Customers
203,2,172.29000000000002,1,3,1,131,At Risk / Lost Customers
359,1,74.4,1,2,1,121,At Risk / Lost Customers
71,1,300.02,3,2,2,322,Recent / New Customers
7,10,6784.1900000000005,5,5,5,555,Champions
288,1,363.65,1,2,2,122,At Risk / Lost Customers
10,1,170.16,5,2,1,521,Recent / New Customers
23,3,306.46,4,4,2,442,Loyal Customers
22,10,2119.41,4,5,5,455,Champions
173,3,720.52,2,4,3,243,Loyal Customers
133,2,814.0,2,3,3,233,Loyal Customers
6,14,2392.83,5,5,5,555,Champions
75,1,318.0,2,2,2,222,At Risk / Lost Customers
40,1,396.33,3,2,2,322,Recent / New Customers
289,1,101.7,1,2,1,121,At Risk / Lost Customers
26,5,2036.67,4,4,4,444,Champions
258,2,453.0,1,3,2,132,At Risk / Lost Customers
186,1,247.44,1,2,1,121,At Risk / Lost Customers
114,12,3877.5200000000004,2,5,5,255,Loyal Customers
374,1,489.6,1,2,2,122,At Risk / Lost Customers
23,10,2611.75,4,5,5,455,Champions
8,11,2633.01,5,5,5,555,Champions
217,2,336.13,1,3,2,132,At Risk / Lost Customers
45,4,3651.97,3,4,5,345,Loyal Customers
19,2,1231.5,4,3,4,434,Loyal Customers
36,3,343.45,3,4,2,342,Loyal Customers
26,1,703.37,4,2,3,423,About to Sleep
16,1,90.48,4,2,1,421,Recent / New Customers
330,2,689.95,1,3,3,133,At Risk / Lost Customers
274,1,101.34,1,2,1,121,At Risk / Lost Customers
98,2,4055.7200000000003,2,3,5,235,Loyal Customers
61,1,167.67000000000002,3,2,1,321,Recent / New Customers
2,11,9068.26,5,5,5,555,Champions
93,4,2106.52,2,4,5,245,Loyal Customers
82,7,3017.3,2,5,5,255,Loyal Customers
313,2,580.05,1,3,3,133,At Risk / Lost Customers
12,3,911.15,5,4,3,543,Loyal Customers
8,6,2697.8,5,5,5,555,Champions
127,1,168.31,2,2,1,221,At Risk / Lost Customers
11,2,223.65,5,3,1,531,About to Sleep
1,60,259657.3,5,5,5,555,Champions
37,1,754.64,3,2,3,323,About to Sleep
38,1,113.48000000000002,3,2,1,321,Recent / New Customers
330,1,430.7,1,2,2,122,At Risk / Lost Customers
254,1,271.0,1,2,2,122,At Risk / Lost Customers
2,26,8052.97,5,5,5,555,Champions
20,1,236.3,4,2,1,421,Recent / New Customers
12,2,352.69,5,3,2,532,Loyal Customers
369,1,76.32000000000001,1,2,1,121,At Risk / Lost Customers
290,1,220.1,1,2,1,121,At Risk / Lost Customers
68,8,1418.03,3,5,4,354,Loyal Customers
26,1,320.71999999999997,4,2,2,422,Recent / New Customers
11,26,5653.82,5,5,5,555,Champions
368,1,181.12,1,2,1,121,At Risk / Lost Customers
214,1,111.15,1,2,1,121,At Risk / Lost Customers
149,2,673.1,2,3,3,233,Loyal Customers
8,6,1826.21,5,5,4,554,Champions
24,2,589.4399999999999,4,3,3,433,Loyal Customers
30,4,1142.99,4,4,4,444,Champions
61,1,206.83,3,2,1,321,Recent / New Customers
19,3,348.73,4,4,2,442,Loyal Customers
243,1,112.55000000000001,1,2,1,121,At Risk / Lost Customers
15,3,1059.39,4,4,4,444,Champions
212,1,931.5,1,2,3,123,At Risk / Lost Customers
29,5,681.91,4,4,3,443,Loyal Customers
63,3,784.33,3,4,3,343,Loyal Customers
295,1,152.65,1,2,1,121,At Risk / Lost Customers
18,6,8438.34,4,5,5,455,Champions
157,2,1019.52,2,3,4,234,Loyal Customers
117,2,1000.16,2,3,4,234,Loyal Customers
8,12,2888.75,5,5,5,555,Champions
13,4,2861.55,5,4,5,545,Champions
141,2,160.35,2,3,1,231,At Risk / Lost Customers
46,2,179.34,3,3,1,331,About to Sleep
51,3,612.0799999999999,3,4,3,343,Loyal Customers
32,3,566.58,4,4,3,443,Loyal Customers
135,2,653.35,2,3,3,233,Loyal Customers
3,2,399.19,5,3,2,532,Loyal Customers
75,3,371.62,2,4,2,242,Loyal Customers
13,2,734.94,5,3,3,533,Loyal Customers
9,2,453.4,5,3,2,532,Loyal Customers
301,1,530.15,1,2,3,123,At Risk / Lost Customers
57,2,638.0600000000001,3,3,3,333,Loyal Customers
15,5,1618.69,4,4,4,444,Champions
37,1,399.65,3,2,2,322,Recent / New Customers
177,1,302.46,2,2,2,222,At Risk / Lost Customers
23,3,1384.8600000000001,4,4,4,444,Champions
176,6,1169.94,2,5,4,254,Loyal Customers
61,1,202.65,3,2,1,321,Recent / New Customers
33,3,980.3100000000001,4,4,4,444,Champions
59,5,1231.31,3,4,4,344,Loyal Customers
15,20,7561.68,4,5,5,455,Champions
87,4,2106.84,2,4,5,245,Loyal Customers
7,1,104.0,5,2,1,521,Recent / New Customers
358,1,476.35,1,2,2,122,At Risk / Lost Customers
31,6,1341.42,4,5,4,454,Champions
129,4,1590.81,2,4,4,244,Loyal Customers
9,6,1793.17,5,5,4,554,Champions
5,6,1843.75,5,5,4,554,Champions
24,1,382.8,4,2,2,422,Recent / New Customers
227,2,632.07,1,3,3,133,At Risk / Lost Customers
15,1,49.8,4,2,1,421,Recent / New Customers
249,1,304.25,1,2,2,122,At Risk / Lost Customers
15,3,2001.04,4,4,4,444,Champions
78,2,1090.24,2,3,4,234,Loyal Customers
192,2,284.46000000000004,1,3,2,132,At Risk / Lost Customers
262,1,207.8,1,2,1,121,At Risk / Lost Customers
72,1,957.97,3,2,4,324,About to Sleep
165,1,243.76,2,2,1,221,At Risk / Lost Customers
82,1,973.84,2,2,4,224,At Risk / Lost Customers
95,2,689.13,2,3,3,233,Loyal Customers
4,17,5425.56,5,5,5,555,Champions
106,1,163.8,2,2,1,221,At Risk / Lost Customers
200,3,1396.99,1,4,4,144,At Risk / Lost Customers
157,1,160.42000000000002,2,2,1,221,At Risk / Lost Customers
71,3,1993.7,3,4,4,344,Loyal Customers
36,2,517.36,3,3,3,333,Loyal Customers
29,1,139.10000000000002,4,2,1,421,Recent / New Customers
2,6,2621.38,5,5,5,555,Champions
26,5,600.07,4,4,3,443,Loyal Customers
326,1,248.42,1,2,1,121,At Risk / Lost Customers
237,1,232.48000000000002,1,2,1,121,At Risk / Lost Customers
89,1,299.34000000000003,2,2,2,222,At Risk / Lost Customers
31,1,481.75,4,2,2,422,Recent / New Customers
29,2,621.75,4,3,3,433,Loyal Customers
211,2,662.08,1,3,3,133,At Risk / Lost Customers
3,10,2069.77,5,5,5,555,Champions
227,1,305.28,1,2,2,122,At Risk / Lost Customers
22,5,1041.61,4,4,4,444,Champions
93,1,443.0,2,2,2,222,At Risk / Lost Customers
5,14,6484.54,5,5,5,555,Champions
264,1,158.95000000000002,1,2,1,121,At Risk / Lost Customers
3,12,5509.12,5,5,5,555,Champions
44,11,5228.05,3,5,5,355,Loyal Customers
218,1,93.75,1,2,1,121,At Risk / Lost Customers
57,2,779.9,3,3,3,333,Loyal Customers
12,20,7276.9,5,5,5,555,Champions
9,7,2810.2000000000003,5,5,5,555,Champions
192,5,2083.27,1,4,5,145,At Risk / Lost Customers
82,4,592.97,2,4,3,243,Loyal Customers
326,1,440.0,1,2,2,122,At Risk / Lost Customers
72,3,1796.48,3,4,4,344,Loyal Customers
30,6,882.24,4,5,3,453,Loyal Customers
3,5,987.1,5,4,4,544,Champions
219,5,1561.6100000000001,1,4,4,144,At Risk / Lost Customers
46,1,422.58,3,2,2,322,Recent / New Customers
10,17,2073.09,5,5,5,555,Champions
72,4,2232.4900000000002,3,4,5,345,Loyal Customers
7,7,2567.06,5,5,5,555,Champions
24,2,596.1,4,3,3,433,Loyal Customers
123,2,804.02,2,3,3,233,Loyal Customers
17,1,95.34,4,2,1,421,Recent / New Customers
310,1,349.27,1,2,2,122,At Risk / Lost Customers
87,1,4314.72,2,2,5,225,At Risk / Lost Customers
51,2,526.67,3,3,3,333,Loyal Customers
89,1,103.30000000000001,2,2,1,221,At Risk / Lost Customers
39,8,2337.63,3,5,5,355,Loyal Customers
25,3,2338.6,4,4,5,445,Champions
173,6,2643.2000000000003,2,5,5,255,Loyal Customers
43,2,324.24,3,3,2,332,Loyal Customers
140,1,149.48,2,2,1,221,At Risk / Lost Customers
26,3,1213.16,4,4,4,444,Champions
72,2,801.51,3,3,3,333,Loyal Customers
134,1,25.5,2,2,1,221,At Risk / Lost Customers
366,1,168.60000000000002,1,2,1,121,At Risk / Lost Customers
38,2,283.15000000000003,3,3,2,332,Loyal Customers
3,6,3078.58,5,5,5,555,Champions
2,3,204.0,5,4,1,541,About to Sleep
30,1,175.92,4,2,1,421,Recent / New Customers
44,1,335.86,3,2,2,322,Recent / New Customers
58,1,110.38,3,2,1,321,Recent / New Customers
74,1,173.9,2,2,1,221,At Risk / Lost Customers
278,1,180.60000000000002,1,2,1,121,At Risk / Lost Customers
181,1,80.82,1,2,1,121,At Risk / Lost Customers
8,2,178.05,5,3,1,531,About to Sleep
4,16,2094.88,5,5,5,555,Champions
43,3,1837.28,3,4,4,344,Loyal Customers
